xc_id,common_name,scientific_name,country,lat,lng,duration,recordist,license,file_path,dominant_freq_hz,librosa_tempo_raw,silence_ratio,usable,onset_interval_ms,onset_density
27287,Common Nightingale,Luscinia megarhynchos,Austria,47.7842,16.9417,126,Patrik Åberg,https://creativecommons.org/licenses/by-nc-sa/3.0/,data/prototype/raw/Common Nightingale/XC27287.mp3,5405.590862287381,132.51201923076923,0.7117257857011579,True,162.53968253968054,3.530487489660877
27288,Common Nightingale,Luscinia megarhynchos,Sweden,59.6881,17.7223,180,Patrik Åberg,https://creativecommons.org/licenses/by-nc-sa/3.0/,data/prototype/raw/Common Nightingale/XC27288.mp3,4586.116441094092,109.9567819148936,0.3041803120785976,True,185.75963718821242,1.6316961060540385
29724,Common Nightingale,Luscinia megarhynchos,Switzerland,46.9676,7.0342,120,Mathias Ritschard,https://creativecommons.org/licenses/by-nc-nd/2.5/,data/prototype/raw/Common Nightingale/XC29724.mp3,2910.1282167975937,160.71428571428572,0.7194766156838476,True,162.53968253967344,3.1579463734955113
29725,Common Nightingale,Luscinia megarhynchos,Switzerland,46.9676,7.0342,41,Mathias Ritschard,https://creativecommons.org/licenses/by-nc-nd/2.5/,data/prototype/raw/Common Nightingale/XC29725.mp3,3561.6543184223096,119.6808510638298,0.5336059289547662,True,139.31972789115622,5.798350282903337
29762,Common Nightingale,Luscinia megarhynchos,Switzerland,46.9676,7.0342,136,Mathias Ritschard,https://creativecommons.org/licenses/by-nc-nd/2.5/,data/prototype/raw/Common Nightingale/XC29762.mp3,3251.211943618126,187.5,0.6309310479158551,True,162.53968253968054,3.506311128131753
30184,Common Nightingale,Luscinia megarhynchos,Switzerland,47.0167,7.2014,175,Mathias Ritschard,https://creativecommons.org/licenses/by-nc-nd/2.5/,data/prototype/raw/Common Nightingale/XC30184.mp3,3846.22339582559,156.25,0.5058436815193572,True,139.31972789115633,4.965072249585241
33394,Common Nightingale,Luscinia megarhynchos,Netherlands,52.2634,5.0445,132,Rombout de Wijs,https://creativecommons.org/licenses/by-nc-nd/2.5/,data/prototype/raw/Common Nightingale/XC33394.mp3,4317.699834481942,117.45383522727272,0.550329091706889,True,139.31972789116287,3.258139563586098
34041,Common Nightingale,Luscinia megarhynchos,Luxembourg,49.487,6.3606,34,Marc Schweitzer,https://creativecommons.org/licenses/by-nc-nd/2.5/,data/prototype/raw/Common Nightingale/XC34041.mp3,4139.417092140775,166.70866935483872,0.0256069171932158,True,139.31972789115576,3.610357410179641
34110,Common Nightingale,Luscinia megarhynchos,Czech Republic,49.4556,17.4501,60,Zdeněk Vermouzek,https://creativecommons.org/licenses/by-nc-nd/2.5/,data/prototype/raw/Common Nightingale/XC34110.mp3,2883.224435925331,151.99908088235293,0.6482878699941962,True,162.5396825396841,2.683187309534175
34682,Common Nightingale,Luscinia megarhynchos,Netherlands,52.2537,5.4059,119,Ruud van Beusekom,https://creativecommons.org/licenses/by-nc-nd/2.5/,data/prototype/raw/Common Nightingale/XC34682.mp3,4475.533482756848,120.18531976744184,0.4711547815935402,True,139.31972789115665,3.5951524190017516
35095,Common Nightingale,Luscinia megarhynchos,Spain,41.5564,1.8551,23,Jordi Calvet,https://creativecommons.org/licenses/by-nc-nd/2.5/,data/prototype/raw/Common Nightingale/XC35095.mp3,2798.0536233914854,105.46875,0.7686196623634558,True,185.75963718820887,2.651885474860335
52377,Common Nightingale,Luscinia megarhynchos,Switzerland,47.5006,8.4834,70,David Marques,https://creativecommons.org/licenses/by-nc-nd/2.5/,data/prototype/raw/Common Nightingale/XC52377.mp3,3931.62598315068,206.71875,0.6153846153846154,True,139.31972789115576,3.3770523160872115
52381,Common Nightingale,Luscinia megarhynchos,Switzerland,47.5006,8.4834,95,David Marques,https://creativecommons.org/licenses/by-nc-nd/2.5/,data/prototype/raw/Common Nightingale/XC52381.mp3,4026.2820104914726,215.33203125,0.7213554363725012,True,139.31972789115932,2.0999510011433067
52382,Common Nightingale,Luscinia megarhynchos,Switzerland,47.5006,8.4834,99,David Marques,https://creativecommons.org/licenses/by-nc-nd/2.5/,data/prototype/raw/Common Nightingale/XC52382.mp3,4035.759888442887,109.9567819148936,0.6067875950848449,True,162.53968253968054,3.0846040892159317
54742,Common Nightingale,Luscinia megarhynchos,France,43.801,3.823,30,manuel Grosselet,https://creativecommons.org/licenses/by-nc-nd/2.5/,data/prototype/raw/Common Nightingale/XC54742.mp3,4114.997275306058,143.5546875,0.6042471042471043,True,139.31972789115576,4.689536272806255
55190,Common Nightingale,Luscinia megarhynchos,France,43.782,3.81,20,GROSSELET Olivier,https://creativecommons.org/licenses/by-nc-nd/2.5/,data/prototype/raw/Common Nightingale/XC55190.mp3,3828.936246117853,172.265625,0.560200668896321,True,139.31972789115665,4.755136449184441
56250,Common Nightingale,Luscinia megarhynchos,Switzerland,47.488,8.468,108,David Marques,https://creativecommons.org/licenses/by-nc-nd/2.5/,data/prototype/raw/Common Nightingale/XC56250.mp3,4096.98905219536,147.65625,0.6192670381483069,True,162.53968253968765,3.470753248232033
61905,Common Nightingale,Luscinia megarhynchos,Netherlands,52.1348,4.3331,73,Erik Eggenkamp,https://creativecommons.org/licenses/by-nc-nd/2.5/,data/prototype/raw/Common Nightingale/XC61905.mp3,3637.016171356815,147.65625,0.6986906452121786,True,208.97959183672654,1.6714922790202342
62086,Common Nightingale,Luscinia megarhynchos,Netherlands,52.431,4.588,50,Erik Eggenkamp,https://creativecommons.org/licenses/by-nc-nd/2.5/,data/prototype/raw/Common Nightingale/XC62086.mp3,3788.546313870677,126.04801829268293,0.6279388267518832,True,162.53968253968054,4.030640087313817
62087,Common Nightingale,Luscinia megarhynchos,Netherlands,52.431,4.588,42,Erik Eggenkamp,https://creativecommons.org/licenses/by-nc-nd/2.5/,data/prototype/raw/Common Nightingale/XC62087.mp3,4155.065926402073,120.18531976744184,0.7260087241003271,True,162.53968253968253,4.297833588957055
74636,Common Nightingale,Luscinia megarhynchos,Turkey,41.0,41.0,93,Tomas Belka,https://creativecommons.org/licenses/by-nc-nd/2.5/,data/prototype/raw/Common Nightingale/XC74636.mp3,3879.905927469636,160.71428571428572,0.3248487615568999,True,162.5396825396823,3.4671594839007756
76052,Common Nightingale,Luscinia megarhynchos,Spain,41.572,1.854,120,Jordi Calvet,https://creativecommons.org/licenses/by-nc-nd/2.5/,data/prototype/raw/Common Nightingale/XC76052.mp3,3926.5537987679527,175.78125,0.439285398425754,True,162.53968253968765,4.262023217247098
76225,Common Nightingale,Luscinia megarhynchos,Germany,49.6001,8.4667,110,Claus Fischer,https://creativecommons.org/licenses/by-nc-nd/2.5/,data/prototype/raw/Common Nightingale/XC76225.mp3,3107.233488129705,109.9567819148936,0.0511877233550557,True,139.31972789116287,3.0874896523178808
76226,Common Nightingale,Luscinia megarhynchos,Germany,49.6001,8.4667,153,Claus Fischer,https://creativecommons.org/licenses/by-nc-nd/2.5/,data/prototype/raw/Common Nightingale/XC76226.mp3,3169.960031510376,143.5546875,0.0013604413876502,True,162.53968253968054,3.26171875
76231,Common Nightingale,Luscinia megarhynchos,Germany,49.6001,8.4667,158,Claus Fischer,https://creativecommons.org/licenses/by-nc-nd/2.5/,data/prototype/raw/Common Nightingale/XC76231.mp3,2898.927874706623,120.18531976744184,0.0060908490496807,True,162.53968253968765,3.0025749256935272
76232,Common Nightingale,Luscinia megarhynchos,Germany,49.6001,8.4667,167,Claus Fischer,https://creativecommons.org/licenses/by-nc-nd/2.5/,data/prototype/raw/Common Nightingale/XC76232.mp3,2666.964391635684,123.046875,0.0006937699458859,True,162.539682539677,3.2329310412113648
76234,Common Nightingale,Luscinia megarhynchos,Germany,49.6001,8.4667,167,Claus Fischer,https://creativecommons.org/licenses/by-nc-nd/2.5/,data/prototype/raw/Common Nightingale/XC76234.mp3,2706.684009703652,132.51201923076923,0.0004147656574035,True,162.53968253967344,3.143957069528698
76235,Common Nightingale,Luscinia megarhynchos,Germany,49.6001,8.4667,169,Claus Fischer,https://creativecommons.org/licenses/by-nc-nd/2.5/,data/prototype/raw/Common Nightingale/XC76235.mp3,3044.836169227868,139.6748310810811,0.0176864244741873,True,162.53968253968765,3.3293158420405655
76561,Common Nightingale,Luscinia megarhynchos,Netherlands,52.1125856630171,4.30704975093249,36,Bob Planque,https://creativecommons.org/licenses/by-nc-nd/2.5/,data/prototype/raw/Common Nightingale/XC76561.mp3,3795.6480329036112,151.99908088235293,0.6333762886597938,True,162.5396825396841,2.3868051700896045
76562,Common Nightingale,Luscinia megarhynchos,Netherlands,52.1125856630171,4.30704975093249,91,Bob Planque,https://creativecommons.org/licenses/by-nc-nd/2.5/,data/prototype/raw/Common Nightingale/XC76562.mp3,5027.772829518962,132.51201923076923,0.4779890264131683,True,139.31972789114866,5.2207663255026615
76564,Common Nightingale,Luscinia megarhynchos,Netherlands,52.1125856630171,4.30704975093249,97,Bob Planque,https://creativecommons.org/licenses/by-nc-nd/2.5/,data/prototype/raw/Common Nightingale/XC76564.mp3,4678.528915012294,215.33203125,0.597038098650424,True,162.53968253968054,3.220149584513384
76565,Common Nightingale,Luscinia megarhynchos,Netherlands,52.1125856630171,4.30704975093249,88,Bob Planque,https://creativecommons.org/licenses/by-nc-nd/2.5/,data/prototype/raw/Common Nightingale/XC76565.mp3,4807.602109984843,215.33203125,0.6839473684210526,True,162.5396825396841,2.992243360079777
76566,Common Nightingale,Luscinia megarhynchos,Netherlands,52.1125856630171,4.30704975093249,90,Bob Planque,https://creativecommons.org/licenses/by-nc-nd/2.5/,data/prototype/raw/Common Nightingale/XC76566.mp3,4763.209807551921,151.99908088235293,0.5256952454184288,True,139.31972789116287,3.5434667355530154
76567,Common Nightingale,Luscinia megarhynchos,Netherlands,52.1125856630171,4.30704975093249,109,Bob Planque,https://creativecommons.org/licenses/by-nc-nd/2.5/,data/prototype/raw/Common Nightingale/XC76567.mp3,4031.138149843144,112.34714673913044,0.6730810121199234,True,185.7596371881982,2.9580609616859843
78219,Common Nightingale,Luscinia megarhynchos,France,43.0913,2.007,55,Mike Nelson,https://creativecommons.org/licenses/by-nc-nd/2.5/,data/prototype/raw/Common Nightingale/XC78219.mp3,4895.826656872065,184.5703125,0.7144353655981563,True,139.31972789115576,2.1658415841584158
88831,Common Nightingale,Luscinia megarhynchos,Netherlands,52.125,4.316,95,Herman van der Meer,https://creativecommons.org/licenses/by-nc-nd/2.5/,data/prototype/raw/Common Nightingale/XC88831.mp3,4103.567006457209,172.265625,0.5100450505296481,True,162.53968253967344,3.5869006849315066
92150,Common Nightingale,Luscinia megarhynchos,Netherlands,52.1139,4.332,54,Herman van der Meer,https://creativecommons.org/licenses/by-nc-nd/2.5/,data/prototype/raw/Common Nightingale/XC92150.mp3,3909.5652031378654,161.4990234375,0.6023231256599789,True,162.53968253968054,3.566124049429658
98561,Common Nightingale,Luscinia megarhynchos,Netherlands,52.116,4.309,114,Herman van der Meer,https://creativecommons.org/licenses/by-nc-nd/2.5/,data/prototype/raw/Common Nightingale/XC98561.mp3,4708.769448288637,151.99908088235293,0.4399676865596283,True,162.53968253967344,5.392950465803226
99076,Common Nightingale,Luscinia megarhynchos,United Kingdom,51.016,-2.917,44,Tony Whitehead,https://creativecommons.org/licenses/by-nc-nd/2.5/,data/prototype/raw/Common Nightingale/XC99076.mp3,3189.8869499943658,206.71875,0.3804118268215417,True,139.31972789115642,4.775217749104356
100311,Common Nightingale,Luscinia megarhynchos,Poland,52.274,21.009,175,Jarek Matusiak,https://creativecommons.org/licenses/by-nc-nd/2.5/,data/prototype/raw/Common Nightingale/XC100311.mp3,2717.50725128218,127.8409090909091,0.2427675254278579,True,185.75963718820887,2.7237216543620955
100631,Common Nightingale,Luscinia megarhynchos,Slovakia,48.295,16.945,73,Rudo Jureček,https://creativecommons.org/licenses/by-nc-nd/2.5/,data/prototype/raw/Common Nightingale/XC100631.mp3,3303.09732964234,120.18531976744184,0.3848225602027883,True,162.53968253968054,3.0567363991877916
100632,Common Nightingale,Luscinia megarhynchos,Slovakia,48.295,16.945,143,Rudo Jureček,https://creativecommons.org/licenses/by-nc-nd/2.5/,data/prototype/raw/Common Nightingale/XC100632.mp3,3070.527891139235,139.6748310810811,0.225521213596171,True,162.53968253967344,3.647535178127148
101370,Common Nightingale,Luscinia megarhynchos,Netherlands,52.1239,4.3089,115,Herman van der Meer,https://creativecommons.org/licenses/by-nc-nd/2.5/,data/prototype/raw/Common Nightingale/XC101370.mp3,5028.343721892365,206.71875,0.5943367808012853,True,162.53968253968765,3.546161884319928
101487,Common Nightingale,Luscinia megarhynchos,Netherlands,52.1356,4.3459,61,Bob Planque,https://creativecommons.org/licenses/by-nc-nd/2.5/,data/prototype/raw/Common Nightingale/XC101487.mp3,3277.60625642798,117.45383522727272,0.0479725870930896,True,162.53968253968054,4.411249580736253
101519,Common Nightingale,Luscinia megarhynchos,France,,,55,Jacques PREVOST,https://creativecommons.org/licenses/by-nc-nd/2.5/,data/prototype/raw/Common Nightingale/XC101519.mp3,3774.04512347064,206.71875,0.7064583333333333,True,232.19954648526198,3.1048552508204406
101520,Common Nightingale,Luscinia megarhynchos,France,,,51,Jacques PREVOST,https://creativecommons.org/licenses/by-nc-nd/2.5/,data/prototype/raw/Common Nightingale/XC101520.mp3,2831.6781241546487,44.93885869565217,0.5246122724207687,True,139.31972789115576,5.595994562468387
102747,Common Nightingale,Luscinia megarhynchos,Netherlands,52.123,4.305,104,Herman van der Meer,https://creativecommons.org/licenses/by-nc-nd/2.5/,data/prototype/raw/Common Nightingale/XC102747.mp3,4312.009040248934,172.265625,0.6514146772767463,True,162.5396825396841,4.131823551355384
103384,Common Nightingale,Luscinia megarhynchos,Czech Republic,50.067,16.149,155,Tomas Belka,https://creativecommons.org/licenses/by-nc-nd/2.5/,data/prototype/raw/Common Nightingale/XC103384.mp3,2807.9266281453174,170.45454545454547,0.538424690344214,True,162.53968253967344,3.4581381666582285
103770,Common Nightingale,Luscinia megarhynchos,Poland,53.853,14.33,110,Marcin Sołowiej,https://creativecommons.org/licenses/by-nc-nd/2.5/,data/prototype/raw/Common Nightingale/XC103770.mp3,4622.699475523807,117.1875,0.5652425499083807,True,139.31972789115576,3.5626440915394944
105120,Common Nightingale,Luscinia megarhynchos,Italy,39.4201202817481,16.7517457005306,59,Francesco Sottile,https://creativecommons.org/licenses/by-nc-nd/2.5/,data/prototype/raw/Common Nightingale/XC105120.mp3,2469.112898824049,135.99917763157896,0.6193839513439278,True,139.31972789115576,2.2309602649006623
13200,Wood Thrush,Hylocichla mustelina,United States,35.2176,-85.922,56,Chris Parrish,https://creativecommons.org/licenses/by-nc-nd/2.5/,data/prototype/raw/Wood Thrush/XC13200.mp3,4831.850685765018,120.18531976744184,0.6737530662305805,True,301.8594104308363,2.1128666873747832
13273,Wood Thrush,Hylocichla mustelina,United States,35.2176,-85.922,66,Chris Parrish,https://creativecommons.org/licenses/by-nc-nd/2.5/,data/prototype/raw/Wood Thrush/XC13273.mp3,4995.122096325572,123.046875,0.0499386718065533,True,255.41950113378675,2.3095232879413126
13310,Wood Thrush,Hylocichla mustelina,United States,35.2176,-85.922,38,Chris Parrish,https://creativecommons.org/licenses/by-nc-nd/2.5/,data/prototype/raw/Wood Thrush/XC13310.mp3,4450.999407412469,89.10290948275862,0.7719614921780987,True,278.63945578231153,2.021404628815623
13682,Wood Thrush,Hylocichla mustelina,United States,35.2176,-85.922,34,Chris Parrish,https://creativecommons.org/licenses/by-nc-nd/2.5/,data/prototype/raw/Wood Thrush/XC13682.mp3,6176.377249329332,123.046875,0.4453468697123519,True,243.80952380952436,3.2359505104698543
14084,Wood Thrush,Hylocichla mustelina,United States,43.22443,-96.58004,64,Andrew Spencer,https://creativecommons.org/licenses/by-nc-nd/2.5/,data/prototype/raw/Wood Thrush/XC14084.mp3,4757.118736197923,117.45383522727272,0.3182721850713898,True,255.41950113378675,1.5879168361122407
20572,Wood Thrush,Hylocichla mustelina,United States,34.9987,-86.0567,12,Chris Parrish,https://creativecommons.org/licenses/by-nc-nd/2.5/,data/prototype/raw/Wood Thrush/XC20572.mp3,2659.9696941040525,99.38401442307692,0.4229323308270676,True,185.75963718820876,2.186511827767433
20573,Wood Thrush,Hylocichla mustelina,United States,34.9987,-86.0567,80,Chris Parrish,https://creativecommons.org/licenses/by-nc-nd/2.5/,data/prototype/raw/Wood Thrush/XC20573.mp3,4410.679788304444,103.359375,0.4320773783744767,True,232.19954648526198,2.5119489725998427
20806,Wood Thrush,Hylocichla mustelina,United States,35.6276,-83.7267,47,Chris Parrish,https://creativecommons.org/licenses/by-nc-nd/2.5/,data/prototype/raw/Wood Thrush/XC20806.mp3,3878.8142122150703,172.265625,0.7969290657439446,True,208.9795918367372,2.272792558359595
20807,Wood Thrush,Hylocichla mustelina,United States,35.6276,-83.7267,58,Chris Parrish,https://creativecommons.org/licenses/by-nc-nd/2.5/,data/prototype/raw/Wood Thrush/XC20807.mp3,3920.09891904054,87.5926906779661,0.8671548117154811,True,208.9795918367372,2.58302407103827
20808,Wood Thrush,Hylocichla mustelina,United States,35.6281,-83.7248,20,Chris Parrish,https://creativecommons.org/licenses/by-nc-nd/2.5/,data/prototype/raw/Wood Thrush/XC20808.mp3,4123.97342225304,191.40625,0.6330326944757609,True,208.97959183673544,1.7487585972920456
33467,Wood Thrush,Hylocichla mustelina,United States,36.0403,-93.3406,59,Andrew Spencer,https://creativecommons.org/licenses/by-nc-nd/2.5/,data/prototype/raw/Wood Thrush/XC33467.mp3,2702.4106967572043,187.5,0.4755094744368967,True,208.97959183673544,2.0783039118510906
48284,Wood Thrush,Hylocichla mustelina,United States,38.9259,-79.747,52,Tayler Brooks,https://creativecommons.org/licenses/by-nc-nd/2.5/,data/prototype/raw/Wood Thrush/XC48284.mp3,3964.446635803655,178.20581896551724,0.6524822695035462,True,232.1995464852602,2.272054239401496
48346,Wood Thrush,Hylocichla mustelina,United States,42.9116459119664,-88.4770653247506,50,Todd Wilson,https://creativecommons.org/licenses/by-nc-nd/2.5/,data/prototype/raw/Wood Thrush/XC48346.mp3,4417.824128765531,172.265625,0.6390288593678424,True,162.5396825396823,2.4072741720716464
50439,Wood Thrush,Hylocichla mustelina,United States,41.286,-74.703,13,Ian Davies,https://creativecommons.org/licenses/by-nc-nd/2.5/,data/prototype/raw/Wood Thrush/XC50439.mp3,4234.976395390346,109.9567819148936,0.5914260717410323,True,232.19954648526095,1.8851116362256046
50442,Wood Thrush,Hylocichla mustelina,United States,41.286,-74.703,26,Ian Davies,https://creativecommons.org/licenses/by-nc-nd/2.5/,data/prototype/raw/Wood Thrush/XC50442.mp3,4071.157542084443,114.84375,0.7078353253652059,True,255.41950113378675,2.3643086416336923
54769,Wood Thrush,Hylocichla mustelina,United States,35.6274,-83.7265,131,Mike Nelson,https://creativecommons.org/licenses/by-nc-sa/3.0/,data/prototype/raw/Wood Thrush/XC54769.mp3,5100.440914387046,103.359375,0.6892226148409893,True,301.859410430839,1.301151610017889
59135,Wood Thrush,Hylocichla mustelina,United States,38.0878,-81.0728,18,Tayler Brooks,https://creativecommons.org/licenses/by-nc-nd/2.5/,data/prototype/raw/Wood Thrush/XC59135.mp3,4600.440443253037,107.666015625,0.6687383467992541,True,174.1496598639456,2.6234702797202796
70484,Wood Thrush,Hylocichla mustelina,United States,39.7028,-75.1117,25,Paul Driver,https://creativecommons.org/licenses/by-nc-nd/2.5/,data/prototype/raw/Wood Thrush/XC70484.mp3,4041.281050640678,151.99908088235293,0.0009132420091324,True,592.1088435374155,1.3770233812949642
76983,Wood Thrush,Hylocichla mustelina,United States,34.1673,-84.1892,62,Stuart Fisher,https://creativecommons.org/licenses/by-nc-nd/2.5/,data/prototype/raw/Wood Thrush/XC76983.mp3,4274.096838952835,123.046875,0.076780415430267,True,162.5396825396841,4.697281928213689
78721,Wood Thrush,Hylocichla mustelina,United States,35.6274,-83.7265,21,Mike Nelson,https://creativecommons.org/licenses/by-nc-nd/2.5/,data/prototype/raw/Wood Thrush/XC78721.mp3,4433.975477659622,191.40625,0.416135881104034,True,185.75963718820887,1.5550328554360813
101365,Wood Thrush,Hylocichla mustelina,United States,36.3078,-84.2189,36,Mike Nelson,https://creativecommons.org/licenses/by-nc-nd/2.5/,data/prototype/raw/Wood Thrush/XC101365.mp3,2471.8020363395585,117.45383522727272,0.0012694382735639,True,371.51927437641774,1.1484375
101366,Wood Thrush,Hylocichla mustelina,United States,36.3078,-84.2189,61,Mike Nelson,https://creativecommons.org/licenses/by-nc-nd/2.5/,data/prototype/raw/Wood Thrush/XC101366.mp3,2089.025464683228,166.70866935483872,0.1438082556591211,True,255.41950113378675,1.1471264982876712
103362,Wood Thrush,Hylocichla mustelina,United States,35.6274,-83.7265,25,Mike Nelson,https://creativecommons.org/licenses/by-nc-nd/2.5/,data/prototype/raw/Wood Thrush/XC103362.mp3,4959.34444407502,156.60511363636363,0.6810540663334848,True,325.07936507936506,1.2916986196319018
103363,Wood Thrush,Hylocichla mustelina,United States,35.6274,-83.7265,19,Mike Nelson,https://creativecommons.org/licenses/by-nc-nd/2.5/,data/prototype/raw/Wood Thrush/XC103363.mp3,4823.46457343875,139.6748310810811,0.5103155339805825,True,510.8390022675735,1.0982325819672132
103365,Wood Thrush,Hylocichla mustelina,United States,35.6274,-83.7265,38,Mike Nelson,https://creativecommons.org/licenses/by-nc-nd/2.5/,data/prototype/raw/Wood Thrush/XC103365.mp3,4630.109812328605,147.65625,0.6630070143336383,True,766.2585034013616,0.8670427247769389
105131,Wood Thrush,Hylocichla mustelina,United States,44.809,-93.302,68,Jonathon Jongsma,https://creativecommons.org/licenses/by-sa/3.0/,data/prototype/raw/Wood Thrush/XC105131.mp3,4156.890348364716,184.5703125,0.5926237790501853,True,603.718820861678,0.6962864721485411
105133,Wood Thrush,Hylocichla mustelina,United States,44.809,-93.302,43,Jonathon Jongsma,https://creativecommons.org/licenses/by-sa/3.0/,data/prototype/raw/Wood Thrush/XC105133.mp3,5797.865920043853,184.5703125,0.5977254694525258,True,336.68934240362745,1.4811197916666667
133910,Wood Thrush,Hylocichla mustelina,United States,44.385,-93.202,101,Jonathon Jongsma,https://creativecommons.org/licenses/by-sa/3.0/,data/prototype/raw/Wood Thrush/XC133910.mp3,5007.753311886844,193.9655172413793,0.7531459731543624,True,278.63945578231153,1.6222271764574743
139092,Wood Thrush,Hylocichla mustelina,United States,40.1113,-75.071,112,Paul Driver,https://creativecommons.org/licenses/by-nc-sa/3.0/,data/prototype/raw/Wood Thrush/XC139092.mp3,3896.152546470784,120.18531976744184,0.5497160557563242,True,220.58956916099604,2.161325220724907
162073,Wood Thrush,Hylocichla mustelina,United States,41.8335,-86.6251,97,Paul Marvin,https://creativecommons.org/licenses/by-nc-sa/3.0/,data/prototype/raw/Wood Thrush/XC162073.mp3,6346.832611090174,170.45454545454547,0.7390499019394203,True,116.09977324263099,3.156410592571969
162079,Wood Thrush,Hylocichla mustelina,United States,43.2244,-96.58,123,Paul Marvin,https://creativecommons.org/licenses/by-nc-sa/3.0/,data/prototype/raw/Wood Thrush/XC162079.mp3,3339.211049833385,114.79591836734694,0.8380804419126532,True,185.75963718821242,4.038000609941608
178133,Wood Thrush,Hylocichla mustelina,United States,45.5344,-92.7442,106,Jonathon Jongsma,https://creativecommons.org/licenses/by-sa/4.0/,data/prototype/raw/Wood Thrush/XC178133.mp3,4075.1537654800886,148.02631578947367,0.0003002702432188,True,243.80952380952436,2.0176426426426426
178134,Wood Thrush,Hylocichla mustelina,United States,45.5344,-92.7442,164,Jonathon Jongsma,https://creativecommons.org/licenses/by-sa/4.0/,data/prototype/raw/Wood Thrush/XC178134.mp3,3970.2052385642487,152.02702702702703,0.2591103618207755,True,243.80952380953147,1.7811982287958796
179641,Wood Thrush,Hylocichla mustelina,Canada,45.0287,-72.9243,113,Martin St-Michel,https://creativecommons.org/licenses/by-nc-sa/4.0/,data/prototype/raw/Wood Thrush/XC179641.mp3,6008.25624816949,101.33272058823528,0.6192919445869677,True,208.97959183673586,2.342306915262064
179642,Wood Thrush,Hylocichla mustelina,Canada,45.0287,-72.9243,34,Martin St-Michel,https://creativecommons.org/licenses/by-nc-sa/4.0/,data/prototype/raw/Wood Thrush/XC179642.mp3,6296.720789717097,112.34714673913044,0.7096446700507614,True,208.97959183673365,2.099200304645849
181737,Wood Thrush,Hylocichla mustelina,United States,41.9651,-72.1456,55,Jorge de Leon Cardozo,https://creativecommons.org/licenses/by-nc-sa/4.0/,data/prototype/raw/Wood Thrush/XC181737.mp3,3126.850214944173,101.33272058823528,0.0004174493842621,True,417.9591836734722,1.2047175904180367
202220,Wood Thrush,Hylocichla mustelina,United States,40.8708,-73.5398,31,Albert &amp; Max Lastukhin,https://creativecommons.org/licenses/by-nc-sa/4.0/,data/prototype/raw/Wood Thrush/XC202220.mp3,7153.83733694375,41.67716733870968,0.0,True,1137.777777777778,1.0090263239180424
202293,Wood Thrush,Hylocichla mustelina,United States,40.8643,-73.6537,37,Albert &amp; Max Lastukhin,https://creativecommons.org/licenses/by-nc-sa/4.0/,data/prototype/raw/Wood Thrush/XC202293.mp3,3262.7435344613746,112.34714673913044,0.0003096934035305,True,232.19954648526198,2.667682926829268
202296,Wood Thrush,Hylocichla mustelina,United States,40.8643,-73.6537,22,Albert &amp; Max Lastukhin,https://creativecommons.org/licenses/by-nc-sa/4.0/,data/prototype/raw/Wood Thrush/XC202296.mp3,5407.059253536485,178.20581896551724,0.2450052576235541,True,406.34920634920667,1.4043316404516544
240410,Wood Thrush,Hylocichla mustelina,United States,41.9661,-71.6847,18,Dylan Pedro,https://creativecommons.org/licenses/by-nc-sa/4.0/,data/prototype/raw/Wood Thrush/XC240410.mp3,3836.771224024029,95.33898305084746,0.5250147145379636,True,232.1995464852602,2.428511354079058
293618,Wood Thrush,Hylocichla mustelina,Canada,45.0204,-74.3871,97,Martin St-Michel,https://creativecommons.org/licenses/by-nc-sa/4.0/,data/prototype/raw/Wood Thrush/XC293618.mp3,6125.408388949422,103.359375,0.32167417595447,True,255.41950113378675,2.68622431963714
316110,Wood Thrush,Hylocichla mustelina,United States,34.3598,-89.5247,58,Hal Mitchell,https://creativecommons.org/licenses/by-nc-sa/4.0/,data/prototype/raw/Wood Thrush/XC316110.mp3,2862.6826906714564,98.6842105263158,0.7018508337914605,True,185.75963718820887,1.7182130584192439
331041,Wood Thrush,Hylocichla mustelina,United States,38.9937,-77.2559,32,Jake Turin,https://creativecommons.org/licenses/by-nc-sa/4.0/,data/prototype/raw/Wood Thrush/XC331041.mp3,3650.479501716008,129.19921875,0.0,True,255.41950113378698,3.176670065162463
361015,Wood Thrush,Hylocichla mustelina,United States,42.7604,-83.2083,49,Antonio Xeira,https://creativecommons.org/licenses/by-nc-sa/4.0/,data/prototype/raw/Wood Thrush/XC361015.mp3,5112.901354558838,143.5546875,0.0004700352526439,True,615.3287981859412,1.0324398466419884
364559,Wood Thrush,Hylocichla mustelina,United States,30.4801,-90.9858,80,Philip Vanbergen,https://creativecommons.org/licenses/by-sa/4.0/,data/prototype/raw/Wood Thrush/XC364559.mp3,3448.7653279708406,117.45383522727272,0.0326370757180156,True,255.41950113378675,2.423981762762921
368730,Wood Thrush,Hylocichla mustelina,United States,36.5819,-93.838,39,Ethan Duke,https://creativecommons.org/licenses/by-nc-sa/4.0/,data/prototype/raw/Wood Thrush/XC368730.mp3,1259.8840278438447,117.1875,0.0010706638115631,True,197.36961451247305,2.33433734939759
369874,Wood Thrush,Hylocichla mustelina,United States,39.0658,-92.9375,63,Ethan Duke,https://creativecommons.org/licenses/by-nc-sa/4.0/,data/prototype/raw/Wood Thrush/XC369874.mp3,2255.211142448261,125.0,0.0001689760054072,True,255.41950113378675,1.5842839036755387
370945,Wood Thrush,Hylocichla mustelina,United States,38.9806,-94.8129,78,Eric DeFonso,https://creativecommons.org/licenses/by-nc-sa/4.0/,data/prototype/raw/Wood Thrush/XC370945.mp3,1698.475360566585,140.625,0.0001357404642323,True,325.0793650793653,1.972612274839966
391047,Wood Thrush,Hylocichla mustelina,United States,40.5795,-74.1502,26,Peter Ericsson,https://creativecommons.org/licenses/by-nc-sa/4.0/,data/prototype/raw/Wood Thrush/XC391047.mp3,3570.222121200161,120.18531976744184,0.0004312203536006,True,232.19954648526198,2.972389133592378
411463,Wood Thrush,Hylocichla mustelina,United States,33.1902,-85.8031,114,Scott Gravette,https://creativecommons.org/licenses/by-nc-sa/4.0/,data/prototype/raw/Wood Thrush/XC411463.mp3,3439.022841468583,143.5546875,0.5522327331909267,True,267.02947845804914,1.2704373626399825
13857,Hermit Thrush,Catharus guttatus,United States,40.66664,-106.33392,64,Andrew Spencer,https://creativecommons.org/licenses/by-nc-nd/2.5/,data/prototype/raw/Hermit Thrush/XC13857.mp3,5804.691634990161,92.28515625,0.7236487699766565,True,371.51927437641774,1.1755050505050506
14081,Hermit Thrush,Catharus guttatus,United States,38.84972,-107.10033,61,Andrew Spencer,https://creativecommons.org/licenses/by-nc-nd/2.5/,data/prototype/raw/Hermit Thrush/XC14081.mp3,4564.423092435102,112.34714673913044,0.7784702549575071,True,510.83900226757373,0.7483797280067999
14208,Hermit Thrush,Catharus guttatus,United States,37.8328,-119.4909,23,Chris Parrish,https://creativecommons.org/licenses/by-nc-nd/2.5/,data/prototype/raw/Hermit Thrush/XC14208.mp3,8223.601252754417,206.71875,0.5380859375,True,162.5396825396832,3.029181342563089
14209,Hermit Thrush,Catharus guttatus,United States,37.8328,-119.4909,52,Chris Parrish,https://creativecommons.org/licenses/by-nc-nd/2.5/,data/prototype/raw/Hermit Thrush/XC14209.mp3,7782.946682713771,166.70866935483872,0.5815096025011166,True,185.75963718820887,3.05838848717526
14211,Hermit Thrush,Catharus guttatus,United States,37.8328,-119.4909,79,Chris Parrish,https://creativecommons.org/licenses/by-nc-nd/2.5/,data/prototype/raw/Hermit Thrush/XC14211.mp3,9110.543500473368,120.18531976744184,0.4793133802816901,True,348.29931972789296,1.4912498896707775
21794,Hermit Thrush,Catharus guttatus,United States,37.8328,-119.4909,72,Chris Parrish,https://creativecommons.org/licenses/by-nc-nd/2.5/,data/prototype/raw/Hermit Thrush/XC21794.mp3,4480.247658884589,143.5546875,0.6461267605633803,True,185.7596371881982,2.42648879418363
21795,Hermit Thrush,Catharus guttatus,United States,37.8328,-119.4909,60,Chris Parrish,https://creativecommons.org/licenses/by-nc-nd/2.5/,data/prototype/raw/Hermit Thrush/XC21795.mp3,4828.07566450367,103.359375,0.628032345013477,True,162.53968253968054,2.918921846183469
21796,Hermit Thrush,Catharus guttatus,United States,37.8328,-119.4909,77,Chris Parrish,https://creativecommons.org/licenses/by-nc-nd/2.5/,data/prototype/raw/Hermit Thrush/XC21796.mp3,5824.587795993883,139.6748310810811,0.4157185628742515,True,185.75963718820532,3.5462807549023623
22067,Hermit Thrush,Catharus guttatus,United States,37.8328,-119.4909,22,Chris Parrish,https://creativecommons.org/licenses/by-nc-nd/2.5/,data/prototype/raw/Hermit Thrush/XC22067.mp3,3080.53877751078,109.9567819148936,0.6589351607801792,True,162.53968253968242,2.770888010844173
52448,Hermit Thrush,Catharus guttatus,United States,44.367,-71.527,74,Andrew Spencer,https://creativecommons.org/licenses/by-nc-nd/2.5/,data/prototype/raw/Hermit Thrush/XC52448.mp3,7582.395352107384,127.8409090909091,0.7126205209382644,True,232.199546485254,2.3343042645502
53784,Hermit Thrush,Catharus guttatus,United States,35.322,-83.9939,109,Mike Nelson,https://creativecommons.org/licenses/by-nc-sa/3.0/,data/prototype/raw/Hermit Thrush/XC53784.mp3,4640.4451031125145,156.60511363636363,0.5700596252129472,True,325.0793650793611,0.8804504072831816
58683,Hermit Thrush,Catharus guttatus,United States,36.561,-118.764,50,Matthias Feuersenger,https://creativecommons.org/licenses/by-nc-nd/2.5/,data/prototype/raw/Hermit Thrush/XC58683.mp3,3019.82338374048,151.99908088235293,0.1339876740470212,True,162.5396825396823,4.325564971751413
58684,Hermit Thrush,Catharus guttatus,United States,36.561,-118.764,74,Matthias Feuersenger,https://creativecommons.org/licenses/by-nc-nd/2.5/,data/prototype/raw/Hermit Thrush/XC58684.mp3,3555.391154503229,143.5546875,0.6737976264834479,True,162.53968253968054,3.2282150386507382
72218,Hermit Thrush,Catharus guttatus,Mexico,31.014,-115.463,105,Richard E Webster,https://creativecommons.org/licenses/by-nc-nd/2.5/,data/prototype/raw/Hermit Thrush/XC72218.mp3,7147.395057336608,123.046875,0.2017745645744331,True,2414.8752834467045,0.2642038452058171
72220,Hermit Thrush,Catharus guttatus,Mexico,31.014,-115.463,51,Richard E Webster,https://creativecommons.org/licenses/by-nc-nd/2.5/,data/prototype/raw/Hermit Thrush/XC72220.mp3,6609.031594569935,135.99917763157896,0.1684281538115583,True,2461.315192743764,0.329342737854251
72221,Hermit Thrush,Catharus guttatus,Mexico,31.014,-115.463,36,Richard E Webster,https://creativecommons.org/licenses/by-nc-nd/2.5/,data/prototype/raw/Hermit Thrush/XC72221.mp3,8389.654960404034,117.45383522727272,0.0009658725048293,True,6501.587301587301,0.16644021739130435
83514,Hermit Thrush,Catharus guttatus,United States,42.641,-77.351,28,Jelmer Poelstra,https://creativecommons.org/licenses/by-nc-nd/2.5/,data/prototype/raw/Hermit Thrush/XC83514.mp3,3779.767127680403,198.76802884615384,0.6213552361396304,True,208.97959183673453,3.467248151571164
103067,Hermit Thrush,Catharus guttatus,United States,39.6149,-120.49132,114,Eric DeFonso,https://creativecommons.org/licenses/by-nc-nd/2.5/,data/prototype/raw/Hermit Thrush/XC103067.mp3,2617.327960936338,112.5,0.0,True,232.19954648526198,2.509063668517857
103068,Hermit Thrush,Catharus guttatus,United States,39.6149,-120.49132,79,Eric DeFonso,https://creativecommons.org/licenses/by-nc-nd/2.5/,data/prototype/raw/Hermit Thrush/XC103068.mp3,3273.231892970368,117.1875,0.0,True,185.75963718821242,2.841506187017214
137542,Hermit Thrush,Catharus guttatus,Canada,47.8534,-70.42,95,Martin St-Michel,https://creativecommons.org/licenses/by-nc-sa/3.0/,data/prototype/raw/Hermit Thrush/XC137542.mp3,4157.762836197015,132.51201923076923,0.7067559342665856,True,406.34920634920843,0.7234747329498767
138247,Hermit Thrush,Catharus guttatus,United States,35.5727,-83.4804,41,Mike Nelson,https://creativecommons.org/licenses/by-nc-sa/3.0/,data/prototype/raw/Hermit Thrush/XC138247.mp3,5017.822837588301,129.19921875,0.7704280155642024,True,301.8594104308434,0.6703408380237648
138273,Hermit Thrush,Catharus guttatus,United States,35.5629,-83.5027,173,Mike Nelson,https://creativecommons.org/licenses/by-nc-sa/3.0/,data/prototype/raw/Hermit Thrush/XC138273.mp3,3527.7213302530204,101.33272058823528,0.0533983826772706,True,650.1587301587292,0.7541118421052632
138287,Hermit Thrush,Catharus guttatus,United States,35.5727,-83.4804,123,Mike Nelson,https://creativecommons.org/licenses/by-nc-sa/3.0/,data/prototype/raw/Hermit Thrush/XC138287.mp3,4328.454079078565,135.99917763157896,0.6965828013518588,True,278.63945578232574,0.9865467891846218
139635,Hermit Thrush,Catharus guttatus,United States,35.6151,-83.4151,10,Mike Nelson,https://creativecommons.org/licenses/by-nc-sa/3.0/,data/prototype/raw/Hermit Thrush/XC139635.mp3,4856.160103580246,105.46875,0.9002145922746781,False,,
139640,Hermit Thrush,Catharus guttatus,United States,35.6151,-83.4151,119,Mike Nelson,https://creativecommons.org/licenses/by-nc-sa/3.0/,data/prototype/raw/Hermit Thrush/XC139640.mp3,4711.993349270008,117.45383522727272,0.2408681329328553,True,1207.437641723356,0.509081371266623
142595,Hermit Thrush,Catharus guttatus,United States,57.6179,-152.3241,123,Andrew Spencer,https://creativecommons.org/licenses/by-nc-sa/3.0/,data/prototype/raw/Hermit Thrush/XC142595.mp3,5880.658244664494,140.625,0.8067711922811854,True,208.9795918367372,1.8737480051411226
142596,Hermit Thrush,Catharus guttatus,United States,57.6179,-152.3241,78,Andrew Spencer,https://creativecommons.org/licenses/by-nc-sa/3.0/,data/prototype/raw/Hermit Thrush/XC142596.mp3,5776.485504186148,160.71428571428572,0.7696591063425234,True,174.14965986394293,1.5917883644818522
143636,Hermit Thrush,Catharus guttatus,Canada,51.7777,-103.4128,32,Bird Studies Canada - Prairie and Parkland Marsh Monitoring Program (PPMMP),https://creativecommons.org/licenses/by-nc-nd/3.0/,data/prototype/raw/Hermit Thrush/XC143636.mp3,8694.295481003343,123.046875,0.0,True,162.53968253968054,5.090517925126904
144121,Hermit Thrush,Catharus guttatus,United States,46.2122,-84.9702,81,Laura Gooch,https://creativecommons.org/licenses/by-nc-sa/3.0/,data/prototype/raw/Hermit Thrush/XC144121.mp3,5296.7886418161725,156.25,0.6095935171872958,True,185.75963718820532,2.7083182810997672
157655,Hermit Thrush,Catharus guttatus,Canada,52.6137,-131.4654,69,Gwaii Haanas National Park Reserve and Haida Heritage Site songbird research group,https://creativecommons.org/licenses/by-nc-nd/3.0/,data/prototype/raw/Hermit Thrush/XC157655.mp3,4836.199285164953,165.44117647058823,0.5862280971411005,True,162.53968253968765,2.1040612637177696
179314,Hermit Thrush,Catharus guttatus,Canada,45.024,-73.075,38,Martin St-Michel,https://creativecommons.org/licenses/by-nc-sa/4.0/,data/prototype/raw/Hermit Thrush/XC179314.mp3,6884.612166201725,101.33272058823528,0.7426044525770051,True,185.7596371882062,2.968964481811942
181945,Hermit Thrush,Catharus guttatus,Canada,53.6234,-112.8724,32,Andrew Spencer,https://creativecommons.org/licenses/by-nc-sa/4.0/,data/prototype/raw/Hermit Thrush/XC181945.mp3,5774.842785998916,102.27272727272728,0.4410019775873434,True,162.5396825396841,3.1528172232330847
185323,Hermit Thrush,Catharus guttatus,United States,44.3018,-74.3622,53,Jorge de Leon Cardozo,https://creativecommons.org/licenses/by-nc-sa/4.0/,data/prototype/raw/Hermit Thrush/XC185323.mp3,3454.050851775241,126.04801829268293,0.0010801468999783,True,278.6394557823133,0.9677321341759845
188139,Hermit Thrush,Catharus guttatus,Canada,52.2247,-117.202,179,Richard E. Webster,https://creativecommons.org/licenses/by-nc-sa/4.0/,data/prototype/raw/Hermit Thrush/XC188139.mp3,4822.490562747743,120.18531976744184,0.7608399766673148,True,185.7596371881982,1.9763107043896748
188140,Hermit Thrush,Catharus guttatus,Canada,52.2247,-117.202,153,Richard E. Webster,https://creativecommons.org/licenses/by-nc-sa/4.0/,data/prototype/raw/Hermit Thrush/XC188140.mp3,4299.943631300982,172.265625,0.7495846548859689,True,208.9795918367301,1.2489379779099405
195299,Hermit Thrush,Catharus guttatus,Canada,56.0986,-129.8809,100,Richard E. Webster,https://creativecommons.org/licenses/by-nc-sa/4.0/,data/prototype/raw/Hermit Thrush/XC195299.mp3,3706.009983229745,120.18531976744184,0.7023245056088817,True,267.0294784580492,1.3846197632058288
205937,Hermit Thrush,Catharus guttatus,United States,37.8539,-109.6811,158,Eric DeFonso,https://creativecommons.org/licenses/by-nc-sa/4.0/,data/prototype/raw/Hermit Thrush/XC205937.mp3,2605.7133178177164,144.23076923076923,0.0001342281879194,True,255.41950113378675,1.1325881479743964
206078,Hermit Thrush,Catharus guttatus,United States,37.7058,-109.803,43,Eric DeFonso,https://creativecommons.org/licenses/by-nc-sa/4.0/,data/prototype/raw/Hermit Thrush/XC206078.mp3,2065.8945637653533,117.1875,0.0004959087527894,True,1010.0680272108829,0.6742927281412425
206099,Hermit Thrush,Catharus guttatus,United States,37.6994,-108.1782,73,Eric DeFonso,https://creativecommons.org/licenses/by-nc-sa/4.0/,data/prototype/raw/Hermit Thrush/XC206099.mp3,2542.967770629237,117.1875,0.005786199913207,True,429.56916099773457,1.071505680926959
220594,Hermit Thrush,Catharus guttatus,United States,32.8554,-108.235,80,Peter Boesman,https://creativecommons.org/licenses/by-nc-nd/4.0/,data/prototype/raw/Hermit Thrush/XC220594.mp3,4274.809498883515,120.18531976744184,0.2440226054195044,True,185.75963718820887,2.646290093310229
277707,Hermit Thrush,Catharus guttatus,United States,60.1042,-149.4422,48,Jesse Fagan,https://creativecommons.org/licenses/by-nc-sa/4.0/,data/prototype/raw/Hermit Thrush/XC277707.mp3,2579.1143118006644,122.28260869565216,0.2599215002180549,True,185.75963718820887,3.659632270447191
301089,Hermit Thrush,Catharus guttatus,United States,39.6225,-120.4886,103,Paul Marvin,https://creativecommons.org/licenses/by-nc-sa/4.0/,data/prototype/raw/Hermit Thrush/XC301089.mp3,4294.028309919326,148.02631578947367,0.6662890101967247,True,232.19954648526198,1.8346852066434916
320493,Hermit Thrush,Catharus guttatus,United States,45.26,-111.308,10,JFOLGERT,https://creativecommons.org/licenses/by-nc-sa/4.0/,data/prototype/raw/Hermit Thrush/XC320493.mp3,4462.484616051176,148.02631578947367,0.0042598509052183,True,,0.09991979227558831
323230,Hermit Thrush,Catharus guttatus,United States,32.6503,-109.817,154,Richard E. Webster,https://creativecommons.org/licenses/by-nc-sa/4.0/,data/prototype/raw/Hermit Thrush/XC323230.mp3,5476.783680510257,120.18531976744184,0.6471828864115697,True,208.9795918367372,2.8159427966101696
323231,Hermit Thrush,Catharus guttatus,United States,32.6503,-109.817,121,Richard E. Webster,https://creativecommons.org/licenses/by-nc-sa/4.0/,data/prototype/raw/Hermit Thrush/XC323231.mp3,4185.951992215847,198.76802884615384,0.6999904425117079,True,162.53968253968253,2.7331989247311825
323236,Hermit Thrush,Catharus guttatus,United States,31.872,-109.235,146,Richard E. Webster,https://creativecommons.org/licenses/by-nc-sa/4.0/,data/prototype/raw/Hermit Thrush/XC323236.mp3,3621.944120484813,120.18531976744184,0.7534658955874198,True,1509.2970521541956,0.3821301247771836
326278,Hermit Thrush,Catharus guttatus,United States,32.6965,-109.9221,59,Scott Olmstead,https://creativecommons.org/licenses/by-nc-sa/4.0/,data/prototype/raw/Hermit Thrush/XC326278.mp3,4394.884650695079,126.04801829268293,0.6283547257876313,True,301.85941043083807,0.6701312910284464
328621,Hermit Thrush,Catharus guttatus,United States,36.4848,-118.1794,97,Lance A. M. Benner,https://creativecommons.org/licenses/by-nc-sa/4.0/,data/prototype/raw/Hermit Thrush/XC328621.mp3,3181.3599082779747,148.02631578947367,0.3074828450059906,True,348.29931972788586,1.5625
328623,Hermit Thrush,Catharus guttatus,United States,36.4848,-118.1794,62,Lance A. M. Benner,https://creativecommons.org/licenses/by-nc-sa/4.0/,data/prototype/raw/Hermit Thrush/XC328623.mp3,4201.975275165908,148.02631578947367,0.0,True,232.19954648526198,2.3118622448979593
328624,Hermit Thrush,Catharus guttatus,United States,36.4848,-118.1794,76,Lance A. M. Benner,https://creativecommons.org/licenses/by-nc-sa/4.0/,data/prototype/raw/Hermit Thrush/XC328624.mp3,4140.339600546421,120.18531976744184,0.0,True,208.9795918367372,2.933471819365215
27552,European Robin,Erithacus rubecula,Sweden,58.709763,14.620056,50,Patrik Åberg,https://creativecommons.org/licenses/by-nc-sa/3.0/,data/prototype/raw/European Robin/XC27552.mp3,5867.626663601394,35.15625,0.7413357815010329,True,162.5396825396823,2.53099173553719
27554,European Robin,Erithacus rubecula,Sweden,58.709763,14.620056,137,Patrik Åberg,https://creativecommons.org/licenses/by-nc-sa/3.0/,data/prototype/raw/European Robin/XC27554.mp3,5596.982961857376,80.74951171875,0.7447868298860278,True,185.75963718821242,2.2398603723404253
27555,European Robin,Erithacus rubecula,Sweden,67.9451,20.3553,92,Patrik Åberg,https://creativecommons.org/licenses/by-nc-sa/3.0/,data/prototype/raw/European Robin/XC27555.mp3,5359.877973077084,120.18531976744184,0.6968675901659803,True,208.979591836723,3.375544088739118
30283,European Robin,Erithacus rubecula,Netherlands,52.2978,5.2367,65,Ruud van Beusekom,https://creativecommons.org/licenses/by-nc-nd/2.5/,data/prototype/raw/European Robin/XC30283.mp3,4959.857091648819,151.99908088235293,0.6305664410402565,True,208.9795918367372,2.7310871743486973
35425,European Robin,Erithacus rubecula,Czech Republic,50.1167,16.0667,65,Tomas Belka,https://creativecommons.org/licenses/by-nc-nd/2.5/,data/prototype/raw/European Robin/XC35425.mp3,3740.400884385365,137.1951219512195,0.5493766404199475,True,162.53968253968054,3.0761654377118353
35972,European Robin,Erithacus rubecula,Czech Republic,50.0167,16.7001,93,Tomas Belka,https://creativecommons.org/licenses/by-nc-nd/2.5/,data/prototype/raw/European Robin/XC35972.mp3,2922.5828557195146,114.79591836734694,0.6542077505159367,True,208.9795918367372,2.1929816008346417
45952,European Robin,Erithacus rubecula,Spain,41.583,1.808,59,Jordi Calvet,https://creativecommons.org/licenses/by-nc-nd/2.5/,data/prototype/raw/European Robin/XC45952.mp3,6485.428190047881,123.046875,0.6159576553616938,True,301.8594104308363,1.1144960299955888
48196,European Robin,Erithacus rubecula,Finland,62.392,30.871,97,Matthias Feuersenger,https://creativecommons.org/licenses/by-nc-nd/2.5/,data/prototype/raw/European Robin/XC48196.mp3,3584.590222861801,105.46875,0.8308056872037914,True,208.9795918367372,2.1942065449213546
57217,European Robin,Erithacus rubecula,France,42.99,-0.042,35,manuel Grosselet,https://creativecommons.org/licenses/by-nc-nd/2.5/,data/prototype/raw/European Robin/XC57217.mp3,3561.7552827161694,129.19921875,0.7986754966887417,True,220.5895691609987,2.13941412071535
70124,European Robin,Erithacus rubecula,United Kingdom,51.721,-0.145,42,Paul Driver,https://creativecommons.org/licenses/by-nc-nd/2.5/,data/prototype/raw/European Robin/XC70124.mp3,3560.4742861961963,120.18531976744184,0.716986301369863,True,208.9795918367372,2.360126387176326
72638,European Robin,Erithacus rubecula,Germany,54.1498,9.2039,82,Volker Arnold,https://creativecommons.org/licenses/by-nc-nd/2.5/,data/prototype/raw/European Robin/XC72638.mp3,5255.072550140945,34.453125,0.6062649248489956,True,185.75963718820887,4.053353307213643
75123,European Robin,Erithacus rubecula,Czech Republic,50.118,16.072,76,Tomas Belka,https://creativecommons.org/licenses/by-nc-nd/2.5/,data/prototype/raw/European Robin/XC75123.mp3,3485.8544136551386,152.02702702702703,0.3640675129027758,True,185.75963718820532,2.5892883089709686
75124,European Robin,Erithacus rubecula,Czech Republic,50.118,16.072,22,Tomas Belka,https://creativecommons.org/licenses/by-nc-nd/2.5/,data/prototype/raw/European Robin/XC75124.mp3,3992.620084691621,125.0,0.5321497120921305,True,139.31972789115642,3.868839348195541
77144,European Robin,Erithacus rubecula,Czech Republic,50.163,16.241,18,Tomas Belka,https://creativecommons.org/licenses/by-nc-nd/2.5/,data/prototype/raw/European Robin/XC77144.mp3,2879.280526575565,170.45454545454547,0.3136805953062392,True,208.97959183673544,1.6099982962980992
78231,European Robin,Erithacus rubecula,France,43.0913,2.007,102,Mike Nelson,https://creativecommons.org/licenses/by-nc-nd/2.5/,data/prototype/raw/European Robin/XC78231.mp3,5007.858082067032,151.99908088235293,0.7709984152139461,True,476.00907029478634,0.43878152063168624
79054,European Robin,Erithacus rubecula,Germany,50.356,9.033,80,Volker Arnold,https://creativecommons.org/licenses/by-nc-nd/2.5/,data/prototype/raw/European Robin/XC79054.mp3,6325.333173513009,224.69429347826087,0.6316472114137484,True,208.97959183673365,2.9543713199839896
80330,European Robin,Erithacus rubecula,Portugal,32.7001,-17.1334,134,Tomas Belka,https://creativecommons.org/licenses/by-nc-nd/2.5/,data/prototype/raw/European Robin/XC80330.mp3,2637.4482135590874,133.92857142857142,0.6126592356687898,True,232.19954648526198,1.3883406869498751
83189,European Robin,Erithacus rubecula,Sweden,59.859,17.646,34,Jelmer Poelstra,https://creativecommons.org/licenses/by-nc-nd/2.5/,data/prototype/raw/European Robin/XC83189.mp3,4066.657765756733,156.60511363636363,0.5338983050847458,True,162.5396825396823,2.452803203661327
83279,European Robin,Erithacus rubecula,Sweden,59.928,17.332,80,Jelmer Poelstra,https://creativecommons.org/licenses/by-nc-nd/2.5/,data/prototype/raw/European Robin/XC83279.mp3,5428.854625827026,90.66611842105264,0.377694199334587,True,162.5396825396841,4.722849527994792
90392,European Robin,Erithacus rubecula,Spain,41.601,1.769,45,Jordi Calvet,https://creativecommons.org/licenses/by-nc-nd/2.5/,data/prototype/raw/European Robin/XC90392.mp3,3934.251430460258,119.6808510638298,0.6735314767142523,True,162.53968253968253,2.545198721131677
90788,European Robin,Erithacus rubecula,Germany,49.494,8.467,160,Matthias Feuersenger,https://creativecommons.org/licenses/by-nc-nd/2.5/,data/prototype/raw/European Robin/XC90788.mp3,2866.5094203351086,120.18531976744184,0.0131901398298976,True,208.9795918367372,2.1046616526110933
93002,European Robin,Erithacus rubecula,Poland,52.387,20.876,147,Jarek Matusiak,https://creativecommons.org/licenses/by-nc-nd/2.5/,data/prototype/raw/European Robin/XC93002.mp3,5882.183063237742,147.65625,0.6674782062357654,True,185.75963718821242,1.7791073952995229
93003,European Robin,Erithacus rubecula,Poland,52.1159,20.5428,69,Jarek Matusiak,https://creativecommons.org/licenses/by-nc-nd/2.5/,data/prototype/raw/European Robin/XC93003.mp3,2309.186758240289,130.8139534883721,0.0001534448365812,True,278.63945578231505,1.9423332402431481
97411,European Robin,Erithacus rubecula,Sweden,59.1842,18.2695,39,Alan Dalton,https://creativecommons.org/licenses/by-nc-nd/2.5/,data/prototype/raw/European Robin/XC97411.mp3,1727.7291922679758,132.51201923076923,0.0,True,185.75963718820532,3.5977129605843268
97780,European Robin,Erithacus rubecula,Germany,49.568,8.517,122,Matthias Feuersenger,https://creativecommons.org/licenses/by-nc-nd/2.5/,data/prototype/raw/European Robin/XC97780.mp3,2818.3656647985968,139.6748310810811,0.6699641982287545,True,162.53968253968765,3.6520166419334323
97782,European Robin,Erithacus rubecula,Germany,49.568,8.517,90,Matthias Feuersenger,https://creativecommons.org/licenses/by-nc-nd/2.5/,data/prototype/raw/European Robin/XC97782.mp3,2616.796706841013,151.99908088235293,0.5037641954829655,True,208.9795918367372,3.275283519954063
98839,European Robin,Erithacus rubecula,United Kingdom,50.596,-3.727,43,Tony Whitehead,https://creativecommons.org/licenses/by-nc-nd/2.5/,data/prototype/raw/European Robin/XC98839.mp3,4570.086101200089,143.5546875,0.5936507936507937,True,208.97959183673632,3.0311001322970066
101489,European Robin,Erithacus rubecula,Netherlands,52.1356,4.3459,75,Bob Planque,https://creativecommons.org/licenses/by-nc-nd/2.5/,data/prototype/raw/European Robin/XC101489.mp3,3696.1154150269695,120.18531976744184,0.566,True,185.75963718820887,1.7757314893499383
103121,European Robin,Erithacus rubecula,United Kingdom,50.812,-1.5409,82,Stuart Fisher,https://creativecommons.org/licenses/by-nc-nd/2.5/,data/prototype/raw/European Robin/XC103121.mp3,3771.832044413413,129.19921875,0.4197305641313499,True,185.75963718821242,2.719697268708557
103405,European Robin,Erithacus rubecula,Poland,54.0334,23.1167,48,Tomas Belka,https://creativecommons.org/licenses/by-nc-nd/2.5/,data/prototype/raw/European Robin/XC103405.mp3,2033.1398851519384,175.78125,0.011707532582284,True,267.02947845805005,1.0147547758138138
103885,European Robin,Erithacus rubecula,Poland,52.326,20.928,172,Jarek Matusiak,https://creativecommons.org/licenses/by-nc-nd/2.5/,data/prototype/raw/European Robin/XC103885.mp3,4684.925979021678,160.71428571428572,0.6920703486578217,True,185.75963718820853,2.1753213274529233
103990,European Robin,Erithacus rubecula,Russian Federation,55.9828,46.302,73,Albert,https://creativecommons.org/licenses/by-nc-nd/2.5/,data/prototype/raw/European Robin/XC103990.mp3,2982.1744251899527,80.74951171875,0.3328102934253883,True,278.63945578231153,2.6088563735875705
104911,European Robin,Erithacus rubecula,Germany,54.152,9.225,145,Volker Arnold,https://creativecommons.org/licenses/by-nc-nd/2.5/,data/prototype/raw/European Robin/XC104911.mp3,5783.979961982831,120.18531976744184,0.8003362420943079,True,162.53968253968765,2.08953099979984
112337,European Robin,Erithacus rubecula,Norway,61.906762044752,10.0658111530356,73,Elias A Ryberg,https://creativecommons.org/licenses/by-nc-nd/2.5/,data/prototype/raw/European Robin/XC112337.mp3,3176.315053348994,140.625,0.4365892367623719,True,232.19954648526075,1.4880952380952381
112781,European Robin,Erithacus rubecula,Sweden,58.7098,14.6201,64,Patrik Åberg,https://creativecommons.org/licenses/by-nc-sa/3.0/,data/prototype/raw/European Robin/XC112781.mp3,7148.798767537119,114.84375,0.9461979913916786,False,,
118328,European Robin,Erithacus rubecula,Germany,48.282,10.9473,148,Buhl Johannes,https://creativecommons.org/licenses/by-nc-sa/3.0/,data/prototype/raw/European Robin/XC118328.mp3,2463.708411381518,139.6748310810811,0.2410260420739814,True,162.53968253968765,3.145758182298082
118533,European Robin,Erithacus rubecula,Italy,42.6001,11.2834,26,Marco Dragonetti,https://creativecommons.org/licenses/by-nc-nd/3.0/,data/prototype/raw/European Robin/XC118533.mp3,6821.027044651977,119.6808510638298,0.5331744139849026,True,162.53968253968344,3.6884061766589338
120170,European Robin,Erithacus rubecula,Estonia,58.9937,27.1943,177,Jarek Matusiak,https://creativecommons.org/licenses/by-nc-sa/3.0/,data/prototype/raw/European Robin/XC120170.mp3,5082.773877104454,119.6808510638298,0.3391872452649245,True,394.7392290249425,1.2249943807597212
124988,European Robin,Erithacus rubecula,United Kingdom,49.9112,-6.3041,70,Ashley Fisher,https://creativecommons.org/licenses/by-nc-sa/3.0/,data/prototype/raw/European Robin/XC124988.mp3,3597.20673334956,132.51201923076923,0.6810810810810811,True,185.75963718821242,2.0599815329211197
128706,European Robin,Erithacus rubecula,Germany,49.4162,8.1756,37,Matthias Feuersenger,https://creativecommons.org/licenses/by-nc-sa/3.0/,data/prototype/raw/European Robin/XC128706.mp3,2265.956148686108,100.44642857142856,0.4335524435553015,True,162.53968253968054,3.1082529474812435
129479,European Robin,Erithacus rubecula,Poland,52.7167,23.8334,90,Mathias Ritschard,https://creativecommons.org/licenses/by-nc-sa/3.0/,data/prototype/raw/European Robin/XC129479.mp3,3923.34681138458,130.8139534883721,0.7566674533868303,True,208.9795918367372,2.0910772275320024
129481,European Robin,Erithacus rubecula,Poland,52.7167,23.8334,81,Mathias Ritschard,https://creativecommons.org/licenses/by-nc-sa/3.0/,data/prototype/raw/European Robin/XC129481.mp3,3570.529162174779,152.02702702702703,0.7876013601883338,True,185.75963718820887,1.299783897650012
129743,European Robin,Erithacus rubecula,Poland,52.3749,20.9173,106,Jarek Matusiak,https://creativecommons.org/licenses/by-nc-sa/3.0/,data/prototype/raw/European Robin/XC129743.mp3,5989.281853199207,109.9567819148936,0.6383211279921303,True,185.75963718820532,2.090122356123955
132002,European Robin,Erithacus rubecula,France,44.5919,5.5699,48,Fernand DEROUSSEN,https://creativecommons.org/licenses/by-nc-nd/3.0/,data/prototype/raw/European Robin/XC132002.mp3,5673.727252616591,170.45454545454547,0.7196634189548273,True,232.19954648525842,1.9307413108873417
133407,European Robin,Erithacus rubecula,Germany,47.5284,10.982,21,Matthias Feuersenger,https://creativecommons.org/licenses/by-nc-sa/3.0/,data/prototype/raw/European Robin/XC133407.mp3,3559.8861370890936,175.78125,0.634975369458128,True,162.5396825396823,2.217292113152288
134110,European Robin,Erithacus rubecula,Italy,45.6709,11.0008,30,Roberto Lerco,https://creativecommons.org/licenses/by-nc-sa/3.0/,data/prototype/raw/European Robin/XC134110.mp3,5314.104417397785,107.666015625,0.7902852737085582,True,162.5396825396841,4.218144188274422
135377,European Robin,Erithacus rubecula,France,44.4222,5.3457,44,Fernand DEROUSSEN,https://creativecommons.org/licenses/by-nc-nd/3.0/,data/prototype/raw/European Robin/XC135377.mp3,3876.430317214198,110.29411764705884,0.7215733015494636,True,162.53968253968765,3.487123756499454
138369,European Robin,Erithacus rubecula,Germany,48.5532,10.2887,41,Mary D,https://creativecommons.org/licenses/by-nc-sa/3.0/,data/prototype/raw/European Robin/XC138369.mp3,3395.48760850661,184.5703125,0.1388888888888889,True,487.61904761904873,1.005019126943216
138380,European Robin,Erithacus rubecula,France,48.8277,2.4239,80,Fernand DEROUSSEN,https://creativecommons.org/licenses/by-nc-nd/3.0/,data/prototype/raw/European Robin/XC138380.mp3,3368.8114059619656,175.78125,0.6957559681697613,True,185.75963718821242,2.2257027659514477
138838,European Robin,Erithacus rubecula,France,44.6069,5.5741,58,Fernand DEROUSSEN,https://creativecommons.org/licenses/by-nc-nd/3.0/,data/prototype/raw/European Robin/XC138838.mp3,5026.331750073517,193.9655172413793,0.721578566256336,True,232.19954648526198,2.9701289884589275
26987,Eurasian Blackbird,Turdus merula,Sweden,58.709763,14.620056,162,Patrik Åberg,https://creativecommons.org/licenses/by-nc-sa/3.0/,data/prototype/raw/Eurasian Blackbird/XC26987.mp3,4486.568172054793,112.34714673913044,0.6176996211308886,True,208.9795918367372,2.4260595946598036
26988,Eurasian Blackbird,Turdus merula,Sweden,58.3159,14.2137,122,Patrik Åberg,https://creativecommons.org/licenses/by-nc-sa/3.0/,data/prototype/raw/Eurasian Blackbird/XC26988.mp3,3830.051104958687,129.19921875,0.7234826999432785,True,162.53968253968765,2.2556703360987025
30191,Eurasian Blackbird,Turdus merula,Switzerland,46.9509,7.4339,44,Mathias Ritschard,https://creativecommons.org/licenses/by-nc-nd/2.5/,data/prototype/raw/Eurasian Blackbird/XC30191.mp3,2314.4121378186383,140.625,0.2691211401425178,True,185.75963718820887,2.805983836531217
33168,Eurasian Blackbird,Turdus merula,Netherlands,51.9984,5.6764,48,Herman van Oosten,https://creativecommons.org/licenses/by-nc-nd/2.5/,data/prototype/raw/Eurasian Blackbird/XC33168.mp3,2185.664338015535,103.359375,0.0026196713503215,True,185.75963718820887,3.138816318327974
34035,Eurasian Blackbird,Turdus merula,Luxembourg,49.9367,6.1023,55,Marc Schweitzer,https://creativecommons.org/licenses/by-nc-nd/2.5/,data/prototype/raw/Eurasian Blackbird/XC34035.mp3,4215.3386029483645,172.265625,0.4975906138696836,True,185.75963718820887,3.2487623762376234
42335,Eurasian Blackbird,Turdus merula,Sweden,58.4453,14.4484,105,Patrik Åberg,https://creativecommons.org/licenses/by-nc-sa/3.0/,data/prototype/raw/Eurasian Blackbird/XC42335.mp3,3834.8765733531673,234.90767045454547,0.7729018102029621,True,185.75963718820887,1.8332664774129843
42336,Eurasian Blackbird,Turdus merula,Sweden,58.7098,14.6201,178,Patrik Åberg,https://creativecommons.org/licenses/by-nc-sa/3.0/,data/prototype/raw/Eurasian Blackbird/XC42336.mp3,4341.466092691766,87.5926906779661,0.6431308866515102,True,185.75963718821242,2.663238088278281
45002,Eurasian Blackbird,Turdus merula,Poland,52.456,20.733,173,Jarek Matusiak,https://creativecommons.org/licenses/by-nc-nd/2.5/,data/prototype/raw/Eurasian Blackbird/XC45002.mp3,6314.956249421079,129.19921875,0.0054355120118104,True,208.9795918367301,3.5200485052091195
45367,Eurasian Blackbird,Turdus merula,Spain,28.3571675425143,-16.5017030238778,63,Christoph Bock,https://creativecommons.org/licenses/by-nc-nd/2.5/,data/prototype/raw/Eurasian Blackbird/XC45367.mp3,4122.806856783646,126.04801829268293,0.4067888909057905,True,255.41950113378675,2.470766952614379
46194,Eurasian Blackbird,Turdus merula,Poland,52.217,21.063,72,Jarek Matusiak,https://creativecommons.org/licenses/by-nc-nd/2.5/,data/prototype/raw/Eurasian Blackbird/XC46194.mp3,4042.053995077521,143.5546875,0.0019230769230769,True,510.8390022675735,1.2424495131626396
74408,Eurasian Blackbird,Turdus merula,Germany,54.191,9.106,177,Volker Arnold,https://creativecommons.org/licenses/by-nc-nd/2.5/,data/prototype/raw/Eurasian Blackbird/XC74408.mp3,4659.708259105743,166.70866935483872,0.744809065304251,True,255.41950113378675,1.7320893843941927
74507,Eurasian Blackbird,Turdus merula,Germany,54.1498,9.2039,176,Volker Arnold,https://creativecommons.org/licenses/by-nc-nd/2.5/,data/prototype/raw/Eurasian Blackbird/XC74507.mp3,4426.997334743906,117.45383522727272,0.526077246452969,True,185.75963718822663,2.9873295597419727
74975,Eurasian Blackbird,Turdus merula,Czech Republic,50.05,16.106,83,Tomas Belka,https://creativecommons.org/licenses/by-nc-nd/2.5/,data/prototype/raw/Eurasian Blackbird/XC74975.mp3,2764.963119580819,200.8928571428572,0.6008738113595476,True,162.5396825396841,2.9876808157717027
75521,Eurasian Blackbird,Turdus merula,Germany,54.191,9.106,133,Volker Arnold,https://creativecommons.org/licenses/by-nc-nd/2.5/,data/prototype/raw/Eurasian Blackbird/XC75521.mp3,5140.670542414553,178.20581896551724,0.7607292393579902,True,208.9795918367372,2.5395608439646713
75596,Eurasian Blackbird,Turdus merula,Czech Republic,48.813,16.007,138,Tomas Belka,https://creativecommons.org/licenses/by-nc-nd/2.5/,data/prototype/raw/Eurasian Blackbird/XC75596.mp3,3643.620215005048,106.13207547169812,0.7292596583038325,True,208.979591836723,1.7316085308224354
76795,Eurasian Blackbird,Turdus merula,Czech Republic,50.068,16.278,166,Tomas Belka,https://creativecommons.org/licenses/by-nc-nd/2.5/,data/prototype/raw/Eurasian Blackbird/XC76795.mp3,2304.5591162629207,140.625,0.4140650041669337,True,185.75963718820887,3.678279598967053
76796,Eurasian Blackbird,Turdus merula,Czech Republic,50.068,16.278,105,Tomas Belka,https://creativecommons.org/licenses/by-nc-nd/2.5/,data/prototype/raw/Eurasian Blackbird/XC76796.mp3,2599.008885230238,125.0,0.5977874758956663,True,197.36961451247126,2.768974436650898
76819,Eurasian Blackbird,Turdus merula,Czech Republic,50.125,16.201,81,Tomas Belka,https://creativecommons.org/licenses/by-nc-nd/2.5/,data/prototype/raw/Eurasian Blackbird/XC76819.mp3,2795.5163481546165,119.6808510638298,0.5593419506462984,True,255.41950113378675,1.615917335385292
76991,Eurasian Blackbird,Turdus merula,Czech Republic,50.434,15.811,49,Kamil Cihak,https://creativecommons.org/licenses/by-nc-nd/2.5/,data/prototype/raw/Eurasian Blackbird/XC76991.mp3,2868.519786790386,187.5,0.3878170388033817,True,232.19954648526198,2.8661416306599397
77091,Eurasian Blackbird,Turdus merula,Czech Republic,50.01,15.01,61,Tomas Belka,https://creativecommons.org/licenses/by-nc-nd/2.5/,data/prototype/raw/Eurasian Blackbird/XC77091.mp3,2825.3823358040486,148.02631578947367,0.5093547823045987,True,185.75963718820887,4.114864231896471
77092,Eurasian Blackbird,Turdus merula,Czech Republic,50.0,15.0,101,Tomas Belka,https://creativecommons.org/licenses/by-nc-nd/2.5/,data/prototype/raw/Eurasian Blackbird/XC77092.mp3,2637.6537133701054,216.34615384615384,0.6360872300272594,True,208.97959183673365,3.194486916255297
80609,Eurasian Blackbird,Turdus merula,Portugal,32.7451,-16.8892,91,Tomas Belka,https://creativecommons.org/licenses/by-nc-nd/2.5/,data/prototype/raw/Eurasian Blackbird/XC80609.mp3,1218.3073238283089,117.1875,0.0069094741773041,True,301.8594104308434,1.2735745480274232
82917,Eurasian Blackbird,Turdus merula,Germany,54.191,9.106,171,Volker Arnold,https://creativecommons.org/licenses/by-nc-nd/2.5/,data/prototype/raw/Eurasian Blackbird/XC82917.mp3,4247.665748455637,178.20581896551724,0.5695140111005821,True,208.97959183672654,3.3290578358208953
83184,Eurasian Blackbird,Turdus merula,Sweden,59.859,17.646,54,Jelmer Poelstra,https://creativecommons.org/licenses/by-nc-nd/2.5/,data/prototype/raw/Eurasian Blackbird/XC83184.mp3,3613.548580196728,103.359375,0.5255645504899872,True,185.75963718821242,2.6426174496644297
83185,Eurasian Blackbird,Turdus merula,Sweden,59.859,17.646,62,Jelmer Poelstra,https://creativecommons.org/licenses/by-nc-nd/2.5/,data/prototype/raw/Eurasian Blackbird/XC83185.mp3,3518.2924261498574,123.046875,0.499813363195222,True,232.19954648526198,2.4116705165896684
83188,Eurasian Blackbird,Turdus merula,Sweden,59.859,17.646,42,Jelmer Poelstra,https://creativecommons.org/licenses/by-nc-nd/2.5/,data/prototype/raw/Eurasian Blackbird/XC83188.mp3,3701.812377172245,156.60511363636363,0.4183114035087719,True,208.97959183673544,2.928362122146823
83209,Eurasian Blackbird,Turdus merula,Sweden,59.8589,17.6459,37,Jelmer Poelstra,https://creativecommons.org/licenses/by-nc-nd/2.5/,data/prototype/raw/Eurasian Blackbird/XC83209.mp3,3597.9122880564323,161.4990234375,0.5817013463892289,True,278.63945578231244,1.9246082988980717
90117,Eurasian Blackbird,Turdus merula,Netherlands,52.0922,4.3357,102,Herman van der Meer,https://creativecommons.org/licenses/by-nc-nd/2.5/,data/prototype/raw/Eurasian Blackbird/XC90117.mp3,2526.776361943212,107.666015625,0.1068797461181004,True,208.9795918367372,2.128363300178526
92373,Eurasian Blackbird,Turdus merula,Netherlands,52.104,4.334,46,Herman van der Meer,https://creativecommons.org/licenses/by-nc-nd/2.5/,data/prototype/raw/Eurasian Blackbird/XC92373.mp3,4001.1173174201294,132.51201923076923,0.410134797803295,True,232.19954648525842,2.752808988764045
92831,Eurasian Blackbird,Turdus merula,Poland,52.481,20.831,155,Jarek Matusiak,https://creativecommons.org/licenses/by-nc-nd/2.5/,data/prototype/raw/Eurasian Blackbird/XC92831.mp3,6210.374856566492,132.51201923076923,0.509069194595805,True,232.19954648526198,2.533223463218005
94684,Eurasian Blackbird,Turdus merula,Germany,54.191,9.106,88,Volker Arnold,https://creativecommons.org/licenses/by-nc-nd/2.5/,data/prototype/raw/Eurasian Blackbird/XC94684.mp3,4080.512478249098,89.10290948275862,0.7536894345043751,True,255.41950113378675,2.306211170934367
97141,Eurasian Blackbird,Turdus merula,United Kingdom,55.622,-4.487,74,Fraser Simpson,https://creativecommons.org/licenses/by-nc-nd/2.5/,data/prototype/raw/Eurasian Blackbird/XC97141.mp3,3314.856538890502,117.45383522727272,0.6362079701120797,True,208.9795918367301,2.10513353765324
97343,Eurasian Blackbird,Turdus merula,United Kingdom,55.622,-4.487,160,Fraser Simpson,https://creativecommons.org/licenses/by-nc-nd/2.5/,data/prototype/raw/Eurasian Blackbird/XC97343.mp3,3941.77225248446,132.51201923076923,0.4614828209764918,True,208.9795918367372,3.370793660481771
97501,Eurasian Blackbird,Turdus merula,Germany,54.14,9.186,178,Volker Arnold,https://creativecommons.org/licenses/by-nc-nd/2.5/,data/prototype/raw/Eurasian Blackbird/XC97501.mp3,4706.601629002606,120.18531976744184,0.6087154471544716,True,208.9795918367372,2.425734562369807
98184,Eurasian Blackbird,Turdus merula,Australia,-37.887,145.3701,44,Patrik Åberg,https://creativecommons.org/licenses/by-nc-nd/2.5/,data/prototype/raw/Eurasian Blackbird/XC98184.mp3,3717.037679020784,123.046875,0.5709820265694191,True,208.97959183673365,2.5805063012895664
98186,Eurasian Blackbird,Turdus merula,Australia,-42.1759,145.282,75,Patrik Åberg,https://creativecommons.org/licenses/by-nc-nd/2.5/,data/prototype/raw/Eurasian Blackbird/XC98186.mp3,3507.503984114688,132.51201923076923,0.4012288786482335,True,208.9795918367372,3.3874870376771518
99075,Eurasian Blackbird,Turdus merula,Norway,69.5848,18.662,39,Stein Ø. Nilsen,https://creativecommons.org/licenses/by-nc-nd/2.5/,data/prototype/raw/Eurasian Blackbird/XC99075.mp3,4455.418589589894,181.4516129032258,0.7523680649526387,True,208.97959183673453,1.7000516684062081
102506,Eurasian Blackbird,Turdus merula,Belgium,50.792,4.4228,72,Franck HIDVEGI,https://creativecommons.org/licenses/by-nc-nd/2.5/,data/prototype/raw/Eurasian Blackbird/XC102506.mp3,4187.059172977439,107.666015625,0.6933461909353905,True,255.41950113378675,2.215277503065786
104604,Eurasian Blackbird,Turdus merula,Belgium,50.343,5.149,48,Eric Walravens,https://creativecommons.org/licenses/by-nc-nd/2.5/,data/prototype/raw/Eurasian Blackbird/XC104604.mp3,3782.774893702681,120.18531976744184,0.5565469013744876,True,208.9795918367347,2.2848277265328267
105817,Eurasian Blackbird,Turdus merula,Germany,54.191,9.106,97,Volker Arnold,https://creativecommons.org/licenses/by-nc-nd/2.5/,data/prototype/raw/Eurasian Blackbird/XC105817.mp3,5104.151129182023,95.703125,0.801148600143575,True,267.02947845804914,1.3089044390152471
110328,Eurasian Blackbird,Turdus merula,Sweden,58.4834,14.5014,62,Patrik Åberg,https://creativecommons.org/licenses/by-nc-sa/3.0/,data/prototype/raw/Eurasian Blackbird/XC110328.mp3,4846.198965785938,178.20581896551724,0.7277633048008932,True,232.19954648526198,2.067956972361809
121327,Eurasian Blackbird,Turdus merula,Poland,52.359,20.929,109,Jarek Matusiak,https://creativecommons.org/licenses/by-nc-sa/3.0/,data/prototype/raw/Eurasian Blackbird/XC121327.mp3,6622.201689750749,132.51201923076923,0.0001061909312944,True,928.7981859410409,0.6951911589008363
122777,Eurasian Blackbird,Turdus merula,Poland,52.1671,21.0486,142,Jarek Matusiak,https://creativecommons.org/licenses/by-nc-sa/3.0/,data/prototype/raw/Eurasian Blackbird/XC122777.mp3,7244.574635036054,129.19921875,0.6189272905119009,True,545.6689342403678,1.1023764214966985
127998,Eurasian Blackbird,Turdus merula,Poland,51.5314,22.8847,51,Jarek Matusiak,https://creativecommons.org/licenses/by-nc-sa/3.0/,data/prototype/raw/Eurasian Blackbird/XC127998.mp3,5728.320340971935,126.04801829268293,0.0006767426122264,True,2263.9455782312916,0.25261738578680204
128363,Eurasian Blackbird,Turdus merula,Sweden,56.6662,12.8682,135,Max Allan Niklasson,https://creativecommons.org/licenses/by-nc-sa/3.0/,data/prototype/raw/Eurasian Blackbird/XC128363.mp3,2059.7990828664883,108.17307692307692,0.4263116266807276,True,255.41950113378675,2.249446340578878
128838,Eurasian Blackbird,Turdus merula,United Kingdom,49.9154,-6.3113,81,Ashley Fisher,https://creativecommons.org/licenses/by-nc-sa/3.0/,data/prototype/raw/Eurasian Blackbird/XC128838.mp3,3024.877033489626,161.4990234375,0.2718669343275021,True,208.9795918367372,2.939724966907858
129469,Eurasian Blackbird,Turdus merula,Poland,52.7167,23.8334,92,Mathias Ritschard,https://creativecommons.org/licenses/by-nc-sa/3.0/,data/prototype/raw/Eurasian Blackbird/XC129469.mp3,2831.337441918562,181.4516129032258,0.5654341022371624,True,232.19954648526198,2.9125366629981078
132105,Eurasian Blackbird,Turdus merula,Russian Federation,56.5629,47.1616,52,Albert Lastukhin,https://creativecommons.org/licenses/by-nc-sa/3.0/,data/prototype/raw/Eurasian Blackbird/XC132105.mp3,2862.2082397038243,151.99908088235293,0.4753989361702128,True,232.19954648526198,2.7302836658354113
132430,Eurasian Blackbird,Turdus merula,France,46.331,6.428,34,Alexandre Renaudier,https://creativecommons.org/licenses/by-nc-sa/3.0/,data/prototype/raw/Eurasian Blackbird/XC132430.mp3,1444.1186703440974,140.625,0.0103480714957666,True,185.75963718820887,3.4109593973411645
132592,Eurasian Blackbird,Turdus merula,Poland,50.7531,15.7091,86,Jarek Matusiak,https://creativecommons.org/licenses/by-nc-sa/3.0/,data/prototype/raw/Eurasian Blackbird/XC132592.mp3,6859.692012310699,117.45383522727272,0.0005351170568561,True,8010.884353741496,0.11523555087296809
37477,Canary,Serinus canaria,Portugal,32.8295,-16.947,14,Herman van Oosten,https://creativecommons.org/licenses/by-nc-nd/2.5/,data/prototype/raw/Canary/XC37477.mp3,3414.3652570801746,143.5546875,0.0024590163934426,True,197.3696145124717,3.4608510147601477
79800,Canary,Serinus canaria,Portugal,32.7001,-17.1334,55,Tomas Belka,https://creativecommons.org/licenses/by-nc-nd/2.5/,data/prototype/raw/Canary/XC79800.mp3,2167.208404332331,114.79591836734694,0.0221230351251698,True,185.75963718820532,2.76540129507515
122552,Canary,Serinus canaria,Spain,28.7067,-17.9309,78,Rob van Bemmelen,https://creativecommons.org/licenses/by-nc-sa/3.0/,data/prototype/raw/Canary/XC122552.mp3,6730.164656873401,107.666015625,0.7351937063975064,True,185.75963718821242,1.5599485062163667
349868,Canary,Serinus canaria,Portugal,37.8611,-25.792,34,Tero Linjama,https://creativecommons.org/licenses/by-nc-sa/4.0/,data/prototype/raw/Canary/XC349868.mp3,5761.194912858855,102.27272727272728,0.0944034440344403,True,162.5396825396841,5.622690312979755
354849,Canary,Serinus canaria,Spain,27.9806,-15.7259,33,Hans Matheve,https://creativecommons.org/licenses/by-nc-nd/4.0/,data/prototype/raw/Canary/XC354849.mp3,8341.04976525825,144.23076923076923,0.0016134236850596,True,255.41950113378675,2.693050312264566
374956,Canary,Serinus canaria,Portugal,32.8169,-17.2417,17,Peter Boesman,https://creativecommons.org/licenses/by-nc-nd/4.0/,data/prototype/raw/Canary/XC374956.mp3,3516.01523395459,234.90767045454547,0.3876071193144363,True,162.5396825396823,5.566116468842729
398574,Canary,Serinus canaria,Spain,27.9624,-15.6764,23,Jacob Lotz,https://creativecommons.org/licenses/by-nc-sa/4.0/,data/prototype/raw/Canary/XC398574.mp3,2259.9248313735334,129.19921875,0.0028971511347175,True,301.8594104308363,1.6644021739130435
460380,Canary,Serinus canaria,Spain,28.1903,-16.6653,53,Alain Verneau,https://creativecommons.org/licenses/by-nc-sa/4.0/,data/prototype/raw/Canary/XC460380.mp3,5391.148072398401,80.74951171875,0.3251680034684587,True,232.19954648526198,2.9691310975609753
485630,Canary,Serinus canaria,Portugal,37.7436,-25.675,11,Grzegorz Lorek,https://creativecommons.org/licenses/by-nc-sa/4.0/,data/prototype/raw/Canary/XC485630.mp3,1444.3600578233406,156.60511363636363,0.3873684210526316,True,278.6394557823129,0.9067804974338729
599012,Canary,Serinus canaria,Portugal,39.6865,-31.0971,28,Peter Stronach,https://creativecommons.org/licenses/by-nc-sa/4.0/,data/prototype/raw/Canary/XC599012.mp3,2947.0332612760085,95.703125,0.0174654752233956,True,162.5396825396841,4.653936243144424
601672,Canary,Serinus canaria,Spain,28.4535,-16.2556,19,Rubén Barone,https://creativecommons.org/licenses/by-nc-sa/4.0/,data/prototype/raw/Canary/XC601672.mp3,2666.176182263484,107.666015625,0.0,True,185.75963718820887,4.33188503131896
722081,Canary,Serinus canaria,Spain,28.5849,-17.8791,90,SonoNatura,https://creativecommons.org/licenses/by-nc-sa/4.0/,data/prototype/raw/Canary/XC722081.mp3,5252.29522433549,156.25,0.1289523360075507,True,139.31972789116287,6.117155365858431
722084,Canary,Serinus canaria,Spain,28.5849,-17.8791,110,SonoNatura,https://creativecommons.org/licenses/by-nc-sa/4.0/,data/prototype/raw/Canary/XC722084.mp3,5504.272304718087,117.1875,0.4320439857239317,True,162.53968253968054,4.955986976968528
736700,Canary,Serinus canaria,Portugal,38.7875,-27.3297,57,Baltasar Pinheiro,https://creativecommons.org/licenses/by-nc-sa/4.0/,data/prototype/raw/Canary/XC736700.mp3,3742.0123661759794,120.18531976744184,0.0,True,139.31972789115576,6.087724141881801
782280,Canary,Serinus canaria,Spain,28.5758,-16.3193,20,Rubén Barone,https://creativecommons.org/licenses/by-nc-sa/4.0/,data/prototype/raw/Canary/XC782280.mp3,985.0470342981204,161.4990234375,0.0,True,139.31972789115665,5.091092059177165
784110,Canary,Serinus canaria,Portugal,38.7218,-27.2666,16,Carlos Pereira,https://creativecommons.org/licenses/by-nc-sa/4.0/,data/prototype/raw/Canary/XC784110.mp3,4744.028181884425,147.65625,0.0,True,116.09977324263099,6.808209828393136
784111,Canary,Serinus canaria,Portugal,38.7218,-27.2666,12,Carlos Pereira,https://creativecommons.org/licenses/by-nc-sa/4.0/,data/prototype/raw/Canary/XC784111.mp3,3595.270065416338,156.60511363636363,0.0,True,116.09977324263099,6.7840189873417724
784112,Canary,Serinus canaria,Portugal,38.7218,-27.2666,13,Carlos Pereira,https://creativecommons.org/licenses/by-nc-sa/4.0/,data/prototype/raw/Canary/XC784112.mp3,2338.5950940982034,147.65625,0.0,True,116.0997732426301,7.280943627450981
785040,Canary,Serinus canaria,Portugal,38.7035,-27.0464,10,Carlos Pereira,https://creativecommons.org/licenses/by-nc-sa/4.0/,data/prototype/raw/Canary/XC785040.mp3,2444.279039234348,151.99908088235293,0.0,True,162.5396825396823,3.4713476070528966
785041,Canary,Serinus canaria,Portugal,38.7035,-27.0464,34,Carlos Pereira,https://creativecommons.org/licenses/by-nc-sa/4.0/,data/prototype/raw/Canary/XC785041.mp3,4053.660613709105,132.51201923076923,0.0207553589656345,True,185.75963718820842,2.90187117151608
785042,Canary,Serinus canaria,Portugal,38.7035,-27.0464,75,Carlos Pereira,https://creativecommons.org/licenses/by-nc-sa/4.0/,data/prototype/raw/Canary/XC785042.mp3,3918.999034210664,126.04801829268293,0.0127535341118623,True,162.53968253968765,2.5150198824343017
788269,Canary,Serinus canaria,Portugal,38.5372,-28.3392,15,Carlos Pereira,https://creativecommons.org/licenses/by-nc-sa/4.0/,data/prototype/raw/Canary/XC788269.mp3,4058.4198780403176,126.04801829268293,0.0,True,162.5396825396823,5.015288142620232
788270,Canary,Serinus canaria,Portugal,38.5372,-28.3392,28,Carlos Pereira,https://creativecommons.org/licenses/by-nc-sa/4.0/,data/prototype/raw/Canary/XC788270.mp3,3625.155875074589,114.84375,0.0,True,185.75963718820887,4.07320784490532
789783,Canary,Serinus canaria,Portugal,38.5372,-28.3392,42,Carlos Pereira,https://creativecommons.org/licenses/by-nc-sa/4.0/,data/prototype/raw/Canary/XC789783.mp3,4269.417454030139,129.19921875,0.0,True,359.90929705215444,1.9747319763828466
789784,Canary,Serinus canaria,Portugal,38.5372,-28.3392,31,Carlos Pereira,https://creativecommons.org/licenses/by-nc-sa/4.0/,data/prototype/raw/Canary/XC789784.mp3,4235.464195596027,132.51201923076923,0.0,True,208.97959183673365,4.253472222222222
789786,Canary,Serinus canaria,Portugal,38.5372,-28.3392,11,Carlos Pereira,https://creativecommons.org/licenses/by-nc-sa/4.0/,data/prototype/raw/Canary/XC789786.mp3,4484.94297281166,114.84375,0.0,True,197.3696145124717,4.3193445796460175
791601,Canary,Serinus canaria,Portugal,38.697,-27.2852,34,Carlos Pereira,https://creativecommons.org/licenses/by-nc-sa/4.0/,data/prototype/raw/Canary/XC791601.mp3,3911.529309091728,107.666015625,0.0,True,162.5396825396841,5.201881569069069
791602,Canary,Serinus canaria,Portugal,38.697,-27.2852,10,Carlos Pereira,https://creativecommons.org/licenses/by-nc-sa/4.0/,data/prototype/raw/Canary/XC791602.mp3,4635.202309151262,103.359375,0.0,True,139.31972789115622,6.73828125
791605,Canary,Serinus canaria,Portugal,38.697,-27.2852,61,Carlos Pereira,https://creativecommons.org/licenses/by-nc-sa/4.0/,data/prototype/raw/Canary/XC791605.mp3,4336.235459030818,151.99908088235293,0.1766046334979111,True,162.53968253968054,5.39863782051282
791606,Canary,Serinus canaria,Portugal,38.697,-27.2852,61,Carlos Pereira,https://creativecommons.org/licenses/by-nc-sa/4.0/,data/prototype/raw/Canary/XC791606.mp3,4392.152410162904,129.19921875,0.0,True,162.53968253968054,5.721868365180467
791869,Canary,Serinus canaria,Portugal,38.7382,-27.2686,13,Carlos Pereira,https://creativecommons.org/licenses/by-nc-sa/4.0/,data/prototype/raw/Canary/XC791869.mp3,5196.847298258696,117.45383522727272,0.0,True,139.31972789115576,6.429476351351351
792864,Canary,Serinus canaria,Portugal,38.7178,-27.321,34,Carlos Pereira,https://creativecommons.org/licenses/by-nc-sa/4.0/,data/prototype/raw/Canary/XC792864.mp3,5537.280882599753,139.6748310810811,0.0033489618218352,True,232.19954648526198,3.490603805576488
792865,Canary,Serinus canaria,Portugal,38.7178,-27.321,63,Carlos Pereira,https://creativecommons.org/licenses/by-nc-sa/4.0/,data/prototype/raw/Canary/XC792865.mp3,5564.069074242594,123.046875,0.0,True,162.53968253968765,4.6791683757178015
794015,Canary,Serinus canaria,Portugal,38.5828,-28.6548,30,Carlos Pereira,https://creativecommons.org/licenses/by-nc-sa/4.0/,data/prototype/raw/Canary/XC794015.mp3,3543.997751297211,147.65625,0.0053394355453852,True,905.5782312925169,0.591469957081545
794016,Canary,Serinus canaria,Portugal,38.5828,-28.6548,16,Carlos Pereira,https://creativecommons.org/licenses/by-nc-sa/4.0/,data/prototype/raw/Canary/XC794016.mp3,5659.373324263383,129.19921875,0.0,True,162.53968253968253,3.5524999999999998
794017,Canary,Serinus canaria,Portugal,38.5828,-28.6548,34,Carlos Pereira,https://creativecommons.org/licenses/by-nc-sa/4.0/,data/prototype/raw/Canary/XC794017.mp3,5719.188056090709,117.45383522727272,0.0,True,162.53968253968054,5.133500957854407
794019,Canary,Serinus canaria,Portugal,38.5828,-28.6548,32,Carlos Pereira,https://creativecommons.org/licenses/by-nc-sa/4.0/,data/prototype/raw/Canary/XC794019.mp3,5409.122154521457,132.51201923076923,0.0,True,185.759637188208,3.5
794020,Canary,Serinus canaria,Portugal,38.5828,-28.6548,19,Carlos Pereira,https://creativecommons.org/licenses/by-nc-sa/4.0/,data/prototype/raw/Canary/XC794020.mp3,4455.18644355885,129.19921875,0.0114665057332528,True,162.5396825396823,3.848930027173913
794021,Canary,Serinus canaria,Portugal,38.5828,-28.6548,25,Carlos Pereira,https://creativecommons.org/licenses/by-nc-sa/4.0/,data/prototype/raw/Canary/XC794021.mp3,5234.852953136345,129.19921875,0.0045289855072463,True,162.5396825396841,3.2779051987767582
794022,Canary,Serinus canaria,Portugal,38.5828,-28.6548,36,Carlos Pereira,https://creativecommons.org/licenses/by-nc-sa/4.0/,data/prototype/raw/Canary/XC794022.mp3,5632.153471009451,112.34714673913044,0.0,True,185.75963718820887,2.970336294416244
794185,Canary,Serinus canaria,Portugal,38.532,-28.3497,26,Carlos Pereira,https://creativecommons.org/licenses/by-nc-sa/4.0/,data/prototype/raw/Canary/XC794185.mp3,5108.774226384279,123.046875,0.0,True,185.75963718820887,4.5564024390243905
794203,Canary,Serinus canaria,Portugal,38.5372,-28.3392,42,Carlos Pereira,https://creativecommons.org/licenses/by-nc-sa/4.0/,data/prototype/raw/Canary/XC794203.mp3,3501.926003275032,117.45383522727272,0.0,True,696.5986394557824,1.1335595311536089
794205,Canary,Serinus canaria,Portugal,38.5372,-28.3392,67,Carlos Pereira,https://creativecommons.org/licenses/by-nc-sa/4.0/,data/prototype/raw/Canary/XC794205.mp3,3471.2671544263994,126.04801829268293,0.0,True,371.51927437641064,2.3452646374563786
794214,Canary,Serinus canaria,Portugal,38.5513,-28.4437,35,Carlos Pereira,https://creativecommons.org/licenses/by-nc-sa/4.0/,data/prototype/raw/Canary/XC794214.mp3,3548.449090457992,67.11647727272727,0.0865322055953155,True,139.31972789115844,4.848211017569546
797986,Canary,Serinus canaria,Portugal,36.9632,-25.1599,12,Carlos Pereira,https://creativecommons.org/licenses/by-nc-sa/4.0/,data/prototype/raw/Canary/XC797986.mp3,3168.04505960958,166.70866935483872,0.0213754646840148,True,185.75963718820842,4.965350418410042
808342,Canary,Serinus canaria,Portugal,38.7783,-27.0936,33,Carlos Pereira,https://creativecommons.org/licenses/by-nc-sa/4.0/,data/prototype/raw/Canary/XC808342.mp3,3452.88325925634,120.18531976744184,0.0093296475466482,True,185.75963718820887,4.643759720062208
812542,Canary,Serinus canaria,Portugal,38.7035,-27.0464,18,Carlos Pereira,https://creativecommons.org/licenses/by-nc-sa/4.0/,data/prototype/raw/Canary/XC812542.mp3,4025.1308306746255,67.11647727272727,0.6917293233082706,True,325.0793650793646,1.7277856135401977
814317,Canary,Serinus canaria,Portugal,38.6937,-27.2753,31,Carlos Pereira,https://creativecommons.org/licenses/by-nc-sa/4.0/,data/prototype/raw/Canary/XC814317.mp3,6369.338610224439,107.666015625,0.0668380462724935,True,208.97959183673365,1.9298811983471076
814318,Canary,Serinus canaria,Portugal,38.6937,-27.2753,54,Carlos Pereira,https://creativecommons.org/licenses/by-nc-sa/4.0/,data/prototype/raw/Canary/XC814318.mp3,6723.992930986262,135.99917763157896,0.0006345177664974,True,255.41950113378675,2.532648143741076
907120,Canary,Serinus canaria,Portugal,38.7328,-27.2675,30,Carlos Pereira,https://creativecommons.org/licenses/by-nc-sa/4.0/,data/prototype/raw/Canary/XC907120.mp3,5923.446313844942,135.99917763157896,0.0231235784685367,True,185.75963718820887,4.1155610068259385
26981,Song Thrush,Turdus philomelos,Sweden,58.709763,14.620056,172,Patrik Åberg,https://creativecommons.org/licenses/by-nc-sa/3.0/,data/prototype/raw/Song Thrush/XC26981.mp3,4908.082522746648,93.9630681818182,0.4708372530573848,True,185.75963718821242,3.0270779785303903
26984,Song Thrush,Turdus philomelos,Sweden,58.4453,14.4484,40,Patrik Åberg,https://creativecommons.org/licenses/by-nc-sa/3.0/,data/prototype/raw/Song Thrush/XC26984.mp3,4226.23907919884,82.03125,0.556442417331813,True,220.58956916099783,2.7256053559974345
30383,Song Thrush,Turdus philomelos,Netherlands,52.3092,5.4987,135,Ruud van Beusekom,https://creativecommons.org/licenses/by-nc-nd/2.5/,data/prototype/raw/Song Thrush/XC30383.mp3,4841.2808834433645,139.6748310810811,0.4603147451248717,True,208.9795918367372,2.6522806004618937
31635,Song Thrush,Turdus philomelos,Netherlands,52.8359,6.4453,134,Sander Bot,https://creativecommons.org/licenses/by-nc-nd/2.5/,data/prototype/raw/Song Thrush/XC31635.mp3,3459.3724941821533,172.265625,0.3885921075305876,True,208.97959183673365,3.035484926328034
36199,Song Thrush,Turdus philomelos,Poland,50.2001,16.0,50,Tomas Belka,https://creativecommons.org/licenses/by-nc-nd/2.5/,data/prototype/raw/Song Thrush/XC36199.mp3,3672.491511729213,114.79591836734694,0.0372975277067348,True,278.63945578231153,2.338129496402878
36200,Song Thrush,Turdus philomelos,Poland,50.2167,16.7501,61,Tomas Belka,https://creativecommons.org/licenses/by-nc-nd/2.5/,data/prototype/raw/Song Thrush/XC36200.mp3,3678.654810373585,96.98275862068964,0.0110101363159734,True,232.19954648526198,1.83510235139208
55182,Song Thrush,Turdus philomelos,France,47.294,-1.537,26,GROSSELET Olivier,https://creativecommons.org/licenses/by-nc-nd/2.5/,data/prototype/raw/Song Thrush/XC55182.mp3,3504.300108269952,172.265625,0.4479073909171861,True,208.97959183673365,3.4138589679358717
67186,Song Thrush,Turdus philomelos,France,48.656,-1.123,178,Bernhard Kroeger,https://creativecommons.org/licenses/by-nc-nd/2.5/,data/prototype/raw/Song Thrush/XC67186.mp3,3631.47192469608,129.19921875,0.3274336283185841,True,185.75963718821242,2.2307375549048314
67384,Song Thrush,Turdus philomelos,Italy,42.6001,11.2834,30,Marco Dragonetti,https://creativecommons.org/licenses/by-nc-nd/2.5/,data/prototype/raw/Song Thrush/XC67384.mp3,3187.629463872548,130.8139534883721,0.2325335215243472,True,185.75963718820887,3.8712712463367094
72545,Song Thrush,Turdus philomelos,Germany,54.191,9.106,154,Volker Arnold,https://creativecommons.org/licenses/by-nc-nd/2.5/,data/prototype/raw/Song Thrush/XC72545.mp3,5062.71084861722,191.40625,0.6257243922631143,True,185.75963718821242,2.210540613085055
74582,Song Thrush,Turdus philomelos,Poland,52.481,20.831,140,Jarek Matusiak,https://creativecommons.org/licenses/by-nc-nd/2.5/,data/prototype/raw/Song Thrush/XC74582.mp3,6648.484697160992,151.99908088235293,0.5442261460664843,True,185.75963718821242,2.699181589255736
74583,Song Thrush,Turdus philomelos,Poland,52.481,20.831,99,Jarek Matusiak,https://creativecommons.org/licenses/by-nc-nd/2.5/,data/prototype/raw/Song Thrush/XC74583.mp3,5115.571501376092,119.6808510638298,0.6483728922779508,True,185.75963718821066,2.809327664704566
81250,Song Thrush,Turdus philomelos,Belgium,50.947,3.742,84,Filip Verbelen,https://creativecommons.org/licenses/by-nc-nd/2.5/,data/prototype/raw/Song Thrush/XC81250.mp3,3083.506792151042,112.5,0.6491139876838005,True,208.9795918367372,2.9103560014085943
83293,Song Thrush,Turdus philomelos,Sweden,59.785,17.556,114,Jelmer Poelstra,https://creativecommons.org/licenses/by-nc-nd/2.5/,data/prototype/raw/Song Thrush/XC83293.mp3,4237.344659146728,151.99908088235293,0.4711011965118637,True,220.58956916099604,2.873495608031029
89692,Song Thrush,Turdus philomelos,Spain,42.009,0.729,76,Jordi Calvet,https://creativecommons.org/licenses/by-nc-nd/2.5/,data/prototype/raw/Song Thrush/XC89692.mp3,3793.829869688144,110.29411764705884,0.4969342251950948,True,185.75963718820887,3.3840280300233645
89946,Song Thrush,Turdus philomelos,France,45.443994,5.429993,53,Jacques PREVOST,https://creativecommons.org/licenses/by-nc-nd/2.5/,data/prototype/raw/Song Thrush/XC89946.mp3,4308.667591427571,151.99908088235293,0.4220581849761181,True,208.9795918367301,3.7776319003419636
92531,Song Thrush,Turdus philomelos,Netherlands,52.1309,4.3289,42,Herman van der Meer,https://creativecommons.org/licenses/by-nc-nd/2.5/,data/prototype/raw/Song Thrush/XC92531.mp3,5032.235393226955,129.19921875,0.4150684931506849,True,208.9795918367372,3.398581997533909
94828,Song Thrush,Turdus philomelos,Germany,54.1498,9.2039,81,Volker Arnold,https://creativecommons.org/licenses/by-nc-nd/2.5/,data/prototype/raw/Song Thrush/XC94828.mp3,4533.745947214336,112.34714673913044,0.613740022805017,True,232.19954648526198,2.7134577884293067
94913,Song Thrush,Turdus philomelos,France,44.947,5.6109,121,Gérard GOUJON,https://creativecommons.org/licenses/by-nc-nd/2.5/,data/prototype/raw/Song Thrush/XC94913.mp3,5365.628007926181,109.9567819148936,0.6572360218663086,True,232.19954648526198,1.7430608006042296
96608,Song Thrush,Turdus philomelos,United Kingdom,51.636,-0.328,62,Fraser Simpson,https://creativecommons.org/licenses/by-nc-nd/2.5/,data/prototype/raw/Song Thrush/XC96608.mp3,3605.588473398224,143.5546875,0.5625466766243465,True,185.75963718820887,2.879136029411765
97805,Song Thrush,Turdus philomelos,Sweden,59.184371,18.269491,105,Alan Dalton,https://creativecommons.org/licenses/by-nc-nd/2.5/,data/prototype/raw/Song Thrush/XC97805.mp3,1143.9373450211388,172.265625,0.0,True,208.9795918367372,2.7351437286922153
98725,Song Thrush,Turdus philomelos,Netherlands,52.0727,4.4515,147,Herman van der Meer,https://creativecommons.org/licenses/by-nc-nd/2.5/,data/prototype/raw/Song Thrush/XC98725.mp3,5454.799899974098,184.5703125,0.5912592359691873,True,255.41950113378675,2.63378249911567
98726,Song Thrush,Turdus philomelos,Netherlands,52.1309,4.3289,66,Herman van der Meer,https://creativecommons.org/licenses/by-nc-nd/2.5/,data/prototype/raw/Song Thrush/XC98726.mp3,4608.296192246748,120.18531976744184,0.3501654187706773,True,185.75963718820887,3.8401253918495297
99388,Song Thrush,Turdus philomelos,France,47.8409,6.9167,52,Franck HIDVEGI,https://creativecommons.org/licenses/by-nc-nd/2.5/,data/prototype/raw/Song Thrush/XC99388.mp3,3864.584283159172,143.5546875,0.462942354774093,True,208.97959183673365,1.9170662365946642
99907,Song Thrush,Turdus philomelos,Poland,52.558779052924,17.127960206126,156,Krzysztof Deoniziak,https://creativecommons.org/licenses/by-nc-nd/2.5/,data/prototype/raw/Song Thrush/XC99907.mp3,4979.768447416733,225.0,0.3589761045680441,True,278.63945578231153,1.678666063802134
100973,Song Thrush,Turdus philomelos,Poland,52.7167,23.8334,151,Mathias Ritschard,https://creativecommons.org/licenses/by-nc-nd/2.5/,data/prototype/raw/Song Thrush/XC100973.mp3,3668.8446821436646,187.5,0.6894896590668455,True,185.75963718821242,2.746452114804895
101497,Song Thrush,Turdus philomelos,Netherlands,52.1356,4.3459,86,Bob Planque,https://creativecommons.org/licenses/by-nc-nd/2.5/,data/prototype/raw/Song Thrush/XC101497.mp3,3870.869071894454,120.18531976744184,0.4440578158458244,True,278.63945578231153,1.8444695973587697
101523,Song Thrush,Turdus philomelos,France,45.242,5.752,98,Jacques PREVOST,https://creativecommons.org/licenses/by-nc-nd/2.5/,data/prototype/raw/Song Thrush/XC101523.mp3,4472.016374573948,60.79963235294117,0.5119173417870142,True,301.8594104308363,1.80028071334214
101524,Song Thrush,Turdus philomelos,France,45.242,5.752,90,Jacques PREVOST,https://creativecommons.org/licenses/by-nc-nd/2.5/,data/prototype/raw/Song Thrush/XC101524.mp3,4636.330467295165,60.79963235294117,0.5487899073120495,True,278.63945578231153,1.9517670915411356
101525,Song Thrush,Turdus philomelos,France,45.242,5.752,66,Jacques PREVOST,https://creativecommons.org/licenses/by-nc-nd/2.5/,data/prototype/raw/Song Thrush/XC101525.mp3,4525.277653173458,60.09265988372093,0.6295318549806406,True,348.29931972789296,1.3948019801980198
102192,Song Thrush,Turdus philomelos,Belgium,50.792,4.423,19,Franck HIDVEGI,https://creativecommons.org/licenses/by-nc-nd/2.5/,data/prototype/raw/Song Thrush/XC102192.mp3,3513.537584718202,224.69429347826087,0.3983101991550996,True,255.41950113378675,2.600284911036057
102883,Song Thrush,Turdus philomelos,Estonia,58.4699,25.154,172,Jarek Matusiak,https://creativecommons.org/licenses/by-nc-nd/2.5/,data/prototype/raw/Song Thrush/XC102883.mp3,6652.42057704049,122.28260869565216,0.5844437558103501,True,208.9795918367372,2.87616729215625
112809,Song Thrush,Turdus philomelos,Sweden,58.5875,14.2698,69,Patrik Åberg,https://creativecommons.org/licenses/by-nc-sa/3.0/,data/prototype/raw/Song Thrush/XC112809.mp3,4991.671941311502,143.5546875,0.3810797258900217,True,185.75963718820887,4.131898740127868
112811,Song Thrush,Turdus philomelos,Sweden,58.3667,14.2667,75,Patrik Åberg,https://creativecommons.org/licenses/by-nc-sa/3.0/,data/prototype/raw/Song Thrush/XC112811.mp3,5505.0910391730695,198.76802884615384,0.679589334967821,True,185.75963718820887,2.455280172413793
120404,Song Thrush,Turdus philomelos,Kazakhstan,52.9094,70.6202,73,Patrick Franke,https://creativecommons.org/licenses/by-nc-sa/3.0/,data/prototype/raw/Song Thrush/XC120404.mp3,8475.962030726188,117.45383522727272,0.4957359444093493,True,208.97959183673186,2.9520366915422884
125115,Song Thrush,Turdus philomelos,United Kingdom,54.12,-0.5445,87,david m,https://creativecommons.org/licenses/by-nc-nd/3.0/,data/prototype/raw/Song Thrush/XC125115.mp3,3196.219272783087,198.76802884615384,0.7536481825417882,True,208.97959183673365,1.9997667910447763
125439,Song Thrush,Turdus philomelos,United Kingdom,49.9141,-6.3102,60,Ashley Fisher,https://creativecommons.org/licenses/by-nc-sa/3.0/,data/prototype/raw/Song Thrush/XC125439.mp3,3730.748042308017,114.84375,0.3706429124709527,True,208.97959183673365,3.4694123013450553
128708,Song Thrush,Turdus philomelos,Germany,49.4162,8.1756,80,Matthias Feuersenger,https://creativecommons.org/licenses/by-nc-sa/3.0/,data/prototype/raw/Song Thrush/XC128708.mp3,3907.4363547571006,104.16666666666669,0.6772535582498682,True,185.75963718820532,4.201263909646768
131972,Song Thrush,Turdus philomelos,Norway,60.8473,10.9525,125,Elias A. Ryberg,https://creativecommons.org/licenses/by-nc-sa/3.0/,data/prototype/raw/Song Thrush/XC131972.mp3,7485.70813594001,165.44117647058823,0.3386148734985944,True,208.9795918367352,2.9470953917235967
132004,Song Thrush,Turdus philomelos,France,44.4759,5.5807,78,Fernand DEROUSSEN,https://creativecommons.org/licenses/by-nc-nd/3.0/,data/prototype/raw/Song Thrush/XC132004.mp3,2650.375399293437,130.8139534883721,0.036749693752552,True,208.9795918367372,2.8841245533435425
132589,Song Thrush,Turdus philomelos,Poland,50.7521,15.7048,86,Jarek Matusiak,https://creativecommons.org/licenses/by-nc-sa/3.0/,data/prototype/raw/Song Thrush/XC132589.mp3,4807.270038240858,120.18531976744184,0.662723484339293,True,255.41950113378675,1.655843542044767
132590,Song Thrush,Turdus philomelos,Poland,50.7516,15.7042,167,Jarek Matusiak,https://creativecommons.org/licenses/by-nc-sa/3.0/,data/prototype/raw/Song Thrush/XC132590.mp3,4772.062741499781,114.84375,0.4497541380982062,True,301.8594104308363,1.7419549633785256
133959,Song Thrush,Turdus philomelos,France,47.8227,6.6076,82,Fernand DEROUSSEN,https://creativecommons.org/licenses/by-nc-nd/3.0/,data/prototype/raw/Song Thrush/XC133959.mp3,4269.509865176235,193.9655172413793,0.5161331790718602,True,208.97959183673365,2.9891032526257963
139192,Song Thrush,Turdus philomelos,Spain,41.5676,1.8356,77,Jordi Calvet,https://creativecommons.org/licenses/by-nc-sa/3.0/,data/prototype/raw/Song Thrush/XC139192.mp3,4050.629545323234,193.9655172413793,0.4675894203097163,True,208.979591836723,2.389762008535156
142159,Song Thrush,Turdus philomelos,Belgium,51.0383,3.9184,65,Erik Roels,https://creativecommons.org/licenses/by-nc-sa/3.0/,data/prototype/raw/Song Thrush/XC142159.mp3,5368.786362449047,151.99908088235293,0.5616219100124489,True,255.41950113378675,2.221200980392157
142962,Song Thrush,Turdus philomelos,Belgium,51.0383,3.9184,93,Erik Roels,https://creativecommons.org/licenses/by-nc-sa/3.0/,data/prototype/raw/Song Thrush/XC142962.mp3,5241.085963396259,123.046875,0.2979992543805145,True,208.97959183673365,4.025097874720358
145646,Song Thrush,Turdus philomelos,United Kingdom,52.3263,-0.0773,37,Patrik Åberg,https://creativecommons.org/licenses/by-nc-sa/3.0/,data/prototype/raw/Song Thrush/XC145646.mp3,3783.204127882724,143.5546875,0.4667079591204707,True,278.63945578231153,2.9350087064059545
156259,Song Thrush,Turdus philomelos,France,45.4235,4.2499,93,Andre et Odile BOUCHER,https://creativecommons.org/licenses/by-nc-sa/3.0/,data/prototype/raw/Song Thrush/XC156259.mp3,4386.254225502387,86.1328125,0.7796337540212819,True,301.8594104308434,2.2596089937716464
156764,Song Thrush,Turdus philomelos,Norway,60.8834,11.01,156,Elias A. Ryberg,https://creativecommons.org/licenses/by-nc-sa/3.0/,data/prototype/raw/Song Thrush/XC156764.mp3,9131.945445878548,122.28260869565216,0.684818818410497,True,232.19954648525842,1.8484520785655005
157390,Song Thrush,Turdus philomelos,United Kingdom,54.1249,-0.5709,147,david m,https://creativecommons.org/licenses/by-nc-nd/3.0/,data/prototype/raw/Song Thrush/XC157390.mp3,2828.7502295172285,93.9630681818182,0.51452937460518,True,208.9795918367372,2.8976212686567164
13309,Veery,Catharus fuscescens,United States,35.2176,-85.922,65,Chris Parrish,https://creativecommons.org/licenses/by-nc-nd/2.5/,data/prototype/raw/Veery/XC13309.mp3,4587.500757676691,120.18531976744184,0.6850867871059156,True,185.75963718820887,2.547681463539169
13854,Veery,Catharus fuscescens,United States,47.04079,-95.59253,63,Andrew Spencer,https://creativecommons.org/licenses/by-nc-nd/2.5/,data/prototype/raw/Veery/XC13854.mp3,4575.507126070337,143.5546875,0.668187625479102,True,208.97959183673453,3.1756930184804926
13856,Veery,Catharus fuscescens,United States,40.61442,-106.08696,64,Andrew Spencer,https://creativecommons.org/licenses/by-nc-nd/2.5/,data/prototype/raw/Veery/XC13856.mp3,3919.705750376038,143.5546875,0.7483336335795352,True,278.63945578231153,1.1948343129306849
30771,Veery,Catharus fuscescens,United States,42.45994,-72.897377,104,Andrew Spencer,https://creativecommons.org/licenses/by-nc-nd/2.5/,data/prototype/raw/Veery/XC30771.mp3,5490.573554043013,130.8139534883721,0.75558745130203,True,325.0793650793682,1.499423298731257
54462,Veery,Catharus fuscescens,United States,35.322,-83.9939,56,Mike Nelson,https://creativecommons.org/licenses/by-nc-sa/3.0/,data/prototype/raw/Veery/XC54462.mp3,5026.348126537665,99.38401442307692,0.000617538081515,True,6571.247165532881,0.14184807781380268
103357,Veery,Catharus fuscescens,United States,35.3378,-84.0301,21,Mike Nelson,https://creativecommons.org/licenses/by-nc-nd/2.5/,data/prototype/raw/Veery/XC103357.mp3,3782.7020221610446,132.51201923076923,0.0492424242424242,True,325.0793650793646,1.5853380024360535
138305,Veery,Catharus fuscescens,United States,35.5628,-83.4985,87,Mike Nelson,https://creativecommons.org/licenses/by-nc-sa/3.0/,data/prototype/raw/Veery/XC138305.mp3,4527.159368782008,139.6748310810811,0.8667284277395447,True,301.8594104308434,1.9152025014889815
138306,Veery,Catharus fuscescens,United States,35.5628,-83.4985,40,Mike Nelson,https://creativecommons.org/licenses/by-nc-sa/3.0/,data/prototype/raw/Veery/XC138306.mp3,4619.043451204092,139.6748310810811,0.7644886363636364,True,208.97959183673453,3.7693813938618925
139990,Veery,Catharus fuscescens,United States,44.4584,-68.9242,89,Paul Driver,https://creativecommons.org/licenses/by-nc-sa/3.0/,data/prototype/raw/Veery/XC139990.mp3,7925.293945662325,112.34714673913044,0.4577565014879027,True,754.6485260770978,0.9695687772925765
142745,Veery,Catharus fuscescens,Canada,47.677,-70.8267,46,Martin St-Michel,https://creativecommons.org/licenses/by-nc-sa/3.0/,data/prototype/raw/Veery/XC142745.mp3,4420.251235029872,120.18531976744184,0.6418430884184309,True,162.5396825396823,3.4762121636771304
178550,Veery,Catharus fuscescens,United States,42.336,-71.612,45,Tim Spahr,https://creativecommons.org/licenses/by-nc-sa/4.0/,data/prototype/raw/Veery/XC178550.mp3,2802.010006446425,107.666015625,0.0002530364372469,True,441.17913832199565,1.0028117881548975
179195,Veery,Catharus fuscescens,United States,34.8731,-83.8106,22,Russ Wigh,https://creativecommons.org/licenses/by-nc-sa/4.0/,data/prototype/raw/Veery/XC179195.mp3,3175.7028856249085,93.9630681818182,0.3872296601441812,True,162.5396825396841,3.904335333389673
182705,Veery,Catharus fuscescens,Canada,45.0063,-74.1797,44,Martin St-Michel,https://creativecommons.org/licenses/by-nc-sa/4.0/,data/prototype/raw/Veery/XC182705.mp3,3870.2310709703697,147.65625,0.8503118503118503,True,162.53968253968054,5.86531432748538
184465,Veery,Catharus fuscescens,Canada,48.1419,-69.6951,111,Martin St-Michel,https://creativecommons.org/licenses/by-nc-sa/4.0/,data/prototype/raw/Veery/XC184465.mp3,8179.050713331055,132.51201923076923,0.835096453018046,True,208.97959183673365,2.072637106184364
269179,Veery,Catharus fuscescens,United States,46.902,-120.803,100,Frank Lambert,https://creativecommons.org/licenses/by-nc-nd/4.0/,data/prototype/raw/Veery/XC269179.mp3,3840.427335316815,133.92857142857142,0.3097750772838716,True,5828.208616780044,0.06996081559761314
293438,Veery,Catharus fuscescens,Canada,46.9872,-70.5887,46,Martin St-Michel,https://creativecommons.org/licenses/by-nc-sa/4.0/,data/prototype/raw/Veery/XC293438.mp3,6240.404851843489,112.34714673913044,0.6810756471475246,True,301.8594104308363,0.7794824660633485
318447,Veery,Catharus fuscescens,United States,42.0301,-79.4374,38,Jim Berry,https://creativecommons.org/licenses/by-nc-sa/4.0/,data/prototype/raw/Veery/XC318447.mp3,6500.218427684048,117.1875,0.0002794857462269,True,1021.6780045351488,0.7337526205450734
325520,Veery,Catharus fuscescens,United States,44.0579,-89.6791,33,Ross Gallardy,https://creativecommons.org/licenses/by-nc-sa/4.0/,data/prototype/raw/Veery/XC325520.mp3,5504.996931630282,161.4990234375,0.6881461061337009,True,162.5396825396823,3.413689490561618
325521,Veery,Catharus fuscescens,United States,44.0579,-89.6791,54,Ross Gallardy,https://creativecommons.org/licenses/by-nc-sa/4.0/,data/prototype/raw/Veery/XC325521.mp3,5175.604094869429,166.70866935483872,0.6495507060333762,True,185.75963718820532,3.5566923717884964
390769,Veery,Catharus fuscescens,Canada,45.064,-73.1644,92,Martin St-Michel,https://creativecommons.org/licenses/by-nc-sa/4.0/,data/prototype/raw/Veery/XC390769.mp3,5676.959925349959,132.51201923076923,0.2988795165554576,True,162.53968253968054,4.9451133144475925
390770,Veery,Catharus fuscescens,Canada,45.064,-73.1644,40,Martin St-Michel,https://creativecommons.org/licenses/by-nc-sa/4.0/,data/prototype/raw/Veery/XC390770.mp3,5649.233329577075,135.99917763157896,0.2679589509692132,True,162.53968253968054,5.1319956703014755
421272,Veery,Catharus fuscescens,United States,42.3306,-76.3351,51,GABRIEL LEITE,https://creativecommons.org/licenses/by-nc-sa/4.0/,data/prototype/raw/Veery/XC421272.mp3,3985.389618675463,170.45454545454547,0.3715653621981682,True,185.75963718820861,2.380952380952381
433588,Veery,Catharus fuscescens,Canada,,,18,?,https://creativecommons.org/licenses/by-nc-sa/4.0/,data/prototype/raw/Veery/XC433588.mp3,4404.9239506256445,161.4990234375,0.4517326732673267,True,116.09977324263099,4.1586873259052926
467384,Veery,Catharus fuscescens,United States,39.7357,-75.7597,91,Christopher Heckscher,https://creativecommons.org/licenses/by-nc-nd/4.0/,data/prototype/raw/Veery/XC467384.mp3,3091.2084956566714,151.99908088235293,0.7161323026232417,True,3715.192743764174,0.1964777562824369
511318,Veery,Catharus fuscescens,Canada,49.0526,-119.5568,85,Peter Ward and Ken Hall,https://creativecommons.org/licenses/by-nc-sa/4.0/,data/prototype/raw/Veery/XC511318.mp3,4727.892856778413,120.18531976744184,0.440767256517628,True,208.97959183673186,2.8740026595744683
567904,Veery,Catharus fuscescens,United States,42.3149,-76.4951,48,Meena Haribal,https://creativecommons.org/licenses/by-nc-sa/4.0/,data/prototype/raw/Veery/XC567904.mp3,4130.905889946328,170.45454545454547,0.0006629834254143,True,10866.938775510205,0.10359680592958988
571805,Veery,Catharus fuscescens,United States,41.0293,-75.6767,88,William Whitehead,https://creativecommons.org/licenses/by-nc-sa/4.0/,data/prototype/raw/Veery/XC571805.mp3,6131.4707824464185,106.13207547169812,0.0016855285335901,True,812.6984126984133,0.21445760066505148
574514,Veery,Catharus fuscescens,United States,35.4047,-82.7572,23,Sue Riffe,https://creativecommons.org/licenses/by-nc-sa/4.0/,data/prototype/raw/Veery/XC574514.mp3,4574.08943467391,125.0,0.0077413479052823,True,534.0589569160992,1.3236447430845348
600071,Veery,Catharus fuscescens,United States,42.7463,-71.7074,102,Christopher McPherson,https://creativecommons.org/licenses/by-nc-sa/4.0/,data/prototype/raw/Veery/XC600071.mp3,5999.54660840515,148.02631578947367,0.7157566302652106,True,116.09977324263099,1.7162022083146122
602569,Veery,Catharus fuscescens,United States,42.7463,-71.7074,94,Christopher McPherson,https://creativecommons.org/licenses/by-nc-sa/4.0/,data/prototype/raw/Veery/XC602569.mp3,6303.557470712158,137.1951219512195,0.6385310734463276,True,185.75963718821242,2.3730820085483226
602571,Veery,Catharus fuscescens,United States,42.7052,-71.615,94,Christopher McPherson,https://creativecommons.org/licenses/by-nc-sa/4.0/,data/prototype/raw/Veery/XC602571.mp3,4404.8037506188775,133.92857142857142,0.5970906630581867,True,162.53968253968054,2.3999821632180622
602572,Veery,Catharus fuscescens,United States,42.7463,-71.7074,160,Christopher McPherson,https://creativecommons.org/licenses/by-nc-sa/4.0/,data/prototype/raw/Veery/XC602572.mp3,7083.05912923361,114.79591836734694,0.7772224443555911,True,534.0589569160983,0.9371719366944962
607989,Veery,Catharus fuscescens,Brazil,-16.8402,-49.3158,48,JAYRSON ARAUJO DE OLIVEIRA,https://creativecommons.org/licenses/by-nc-sa/4.0/,data/prototype/raw/Veery/XC607989.mp3,4805.416656667022,95.703125,0.5261140392908481,True,232.19954648526198,2.456219671099928
628421,Veery,Catharus fuscescens,United States,44.3973,-71.5132,32,Sue Riffe,https://creativecommons.org/licenses/by-nc-sa/4.0/,data/prototype/raw/Veery/XC628421.mp3,5746.691790993125,130.8139534883721,0.5393034825870647,True,232.1995464852593,2.5813517558100334
659298,Veery,Catharus fuscescens,United States,47.2224,-92.705,83,Paul Driver,https://creativecommons.org/licenses/by-nc-sa/4.0/,data/prototype/raw/Veery/XC659298.mp3,3698.4457663465714,144.23076923076923,0.5333248537267871,True,162.53968253968054,3.6371871662092183
661384,Veery,Catharus fuscescens,United States,40.7124,-74.4871,73,William Whitehead,https://creativecommons.org/licenses/by-nc-nd/4.0/,data/prototype/raw/Veery/XC661384.mp3,2363.840727995608,148.02631578947367,0.0,True,162.53968253968765,4.819215566815757
692192,Veery,Catharus fuscescens,United States,42.7348,-71.6067,127,Christopher McPherson,https://creativecommons.org/licenses/by-nc-sa/4.0/,data/prototype/raw/Veery/XC692192.mp3,2830.1671928163128,144.23076923076923,0.8014380068556141,True,185.7596371881982,1.3717473546205534
841086,Veery,Catharus fuscescens,Canada,,,28,Marc Boisvert,https://creativecommons.org/licenses/by-nc-sa/4.0/,data/prototype/raw/Veery/XC841086.mp3,9507.254272174054,105.46875,0.0,True,185.75963718820887,4.059980274491972
916972,Veery,Catharus fuscescens,Canada,46.0307,-74.1826,18,Denis Provencher,https://creativecommons.org/licenses/by-nc-sa/4.0/,data/prototype/raw/Veery/XC916972.mp3,5877.94457943348,120.18531976744184,0.0,True,162.5396825396841,5.009061769816069
924425,Veery,Catharus fuscescens,United States,41.663,-87.0361,15,Oscar Gordo,https://creativecommons.org/licenses/by-nc-sa/4.0/,data/prototype/raw/Veery/XC924425.mp3,3619.0638261362633,135.99917763157896,0.0,True,1091.3378684807267,0.38613757355001405
1012562,Veery,Catharus fuscescens,Canada,45.5462,-73.1563,69,Stanislas Wroza,https://creativecommons.org/licenses/by-nc-sa/4.0/,data/prototype/raw/Veery/XC1012562.mp3,4269.045597001496,281.25,0.7664155005382132,True,232.1995464852602,3.027493604047904
1012566,Veery,Catharus fuscescens,Canada,45.5462,-73.1563,22,Stanislas Wroza,https://creativecommons.org/licenses/by-nc-sa/4.0/,data/prototype/raw/Veery/XC1012566.mp3,4647.671315782779,122.28260869565216,0.5358669833729216,True,162.5396825396841,2.984907261486241
1012567,Veery,Catharus fuscescens,Canada,45.5462,-73.1563,14,Stanislas Wroza,https://creativecommons.org/licenses/by-nc-sa/4.0/,data/prototype/raw/Veery/XC1012567.mp3,4536.440933254728,125.0,0.114560236511456,True,139.31972789115665,4.573854886258635
1012568,Veery,Catharus fuscescens,Canada,45.5462,-73.1563,16,Stanislas Wroza,https://creativecommons.org/licenses/by-nc-sa/4.0/,data/prototype/raw/Veery/XC1012568.mp3,4384.168463523295,125.0,0.03841059602649,True,116.09977324263099,6.026083869586286
1012569,Veery,Catharus fuscescens,Canada,45.5462,-73.1563,10,Stanislas Wroza,https://creativecommons.org/licenses/by-nc-sa/4.0/,data/prototype/raw/Veery/XC1012569.mp3,4652.282437654339,133.92857142857142,0.0353535353535353,True,162.5396825396823,3.7900761882662337
1012570,Veery,Catharus fuscescens,Canada,45.5462,-73.1563,160,Stanislas Wroza,https://creativecommons.org/licenses/by-nc-sa/4.0/,data/prototype/raw/Veery/XC1012570.mp3,4452.340200296768,165.44117647058823,0.701018573996405,True,313.4693877551,2.0284878527085
1012571,Veery,Catharus fuscescens,Canada,45.5462,-73.1563,44,Stanislas Wroza,https://creativecommons.org/licenses/by-nc-sa/4.0/,data/prototype/raw/Veery/XC1012571.mp3,4375.766052154209,93.75,0.4202898550724637,True,208.97959183673365,3.3517866129843985
1022273,Veery,Catharus fuscescens,Canada,48.1552,-69.6662,121,Stanislas Wroza,https://creativecommons.org/licenses/by-nc-sa/4.0/,data/prototype/raw/Veery/XC1022273.mp3,4161.200104465706,151.99908088235293,0.1147900763358778,True,185.75963718821242,3.6164383561643834
3603,Canyon Wren,Catherpes mexicanus,United States,31.4653,-110.357,18,Don Jones,https://creativecommons.org/licenses/by-nc-nd/2.5/,data/prototype/raw/Canyon Wren/XC3603.mp3,2950.5280402909884,95.703125,0.0025348542458808,True,789.478458049885,0.5460948644793153
11637,Canyon Wren,Catherpes mexicanus,United States,,,28,Nathan Pieplow,https://creativecommons.org/licenses/by-nc-nd/2.5/,data/prototype/raw/Canyon Wren/XC11637.mp3,6187.18745669538,89.10290948275862,0.6663937781416291,True,208.97959183673453,3.032803796162575
14176,Canyon Wren,Catherpes mexicanus,United States,31.8848,-109.1756,10,Chris Parrish,https://creativecommons.org/licenses/by-nc-nd/2.5/,data/prototype/raw/Canyon Wren/XC14176.mp3,7178.681333198153,97.50884433962264,0.5997693194925029,True,116.09977324263032,4.07506907851737
18126,Canyon Wren,Catherpes mexicanus,United States,31.68981,-111.04481,52,Andrew Spencer,https://creativecommons.org/licenses/by-nc-nd/2.5/,data/prototype/raw/Canyon Wren/XC18126.mp3,6664.497622192668,140.625,0.5661525974025974,True,162.53968253968253,2.1689497716894977
21446,Canyon Wren,Catherpes mexicanus,Mexico,25.9742,-111.9184,15,Richard E Webster,https://creativecommons.org/licenses/by-nc-nd/2.5/,data/prototype/raw/Canyon Wren/XC21446.mp3,2447.408073102096,172.265625,0.000735294117647,True,232.1995464852602,3.485875413907285
33724,Canyon Wren,Catherpes mexicanus,Mexico,,,27,Sandra Gallo-Corona,https://creativecommons.org/licenses/by-nc-nd/2.5/,data/prototype/raw/Canyon Wren/XC33724.mp3,3103.398817958133,166.70866935483872,0.0444254592054677,True,208.97959183673632,2.392578125
34441,Canyon Wren,Catherpes mexicanus,United States,31.4173,-111.2387,53,Andrew Spencer,https://creativecommons.org/licenses/by-nc-nd/2.5/,data/prototype/raw/Canyon Wren/XC34441.mp3,4583.314884920265,100.44642857142856,0.7897456279809221,True,232.19954648526064,1.8634453710495804
56772,Canyon Wren,Catherpes mexicanus,Mexico,17.039,-96.765,13,manuel Grosselet,https://creativecommons.org/licenses/by-nc-nd/2.5/,data/prototype/raw/Canyon Wren/XC56772.mp3,3234.468238024939,101.33272058823528,0.0025295109612141,True,325.07936507936574,2.397118121442125
72412,Canyon Wren,Catherpes mexicanus,Mexico,30.98,-115.504,72,Richard E Webster,https://creativecommons.org/licenses/by-nc-nd/2.5/,data/prototype/raw/Canyon Wren/XC72412.mp3,6705.571467557659,129.19921875,0.5579826533890138,True,232.1995464852602,1.7432011203469462
87639,Canyon Wren,Catherpes mexicanus,United States,37.56112,-102.39769,59,Andrew Spencer,https://creativecommons.org/licenses/by-nc-nd/2.5/,data/prototype/raw/Canyon Wren/XC87639.mp3,4628.335973234458,89.28571428571429,0.6150522146200936,True,162.53968253968054,2.718124505193459
87640,Canyon Wren,Catherpes mexicanus,United States,37.56112,-102.39769,34,Andrew Spencer,https://creativecommons.org/licenses/by-nc-nd/2.5/,data/prototype/raw/Canyon Wren/XC87640.mp3,3416.989693769124,187.5,0.4468875812945184,True,162.5396825396832,4.065040650406504
100999,Canyon Wren,Catherpes mexicanus,United States,40.266,-108.774,49,Andrew Spencer,https://creativecommons.org/licenses/by-nc-nd/2.5/,data/prototype/raw/Canyon Wren/XC100999.mp3,4916.269396322271,148.02631578947367,0.8803363518758085,True,162.53968253968276,0.7480182124578932
102223,Canyon Wren,Catherpes mexicanus,United States,39.822,-108.617,55,Andrew Spencer,https://creativecommons.org/licenses/by-nc-nd/2.5/,data/prototype/raw/Canyon Wren/XC102223.mp3,6441.710206606868,137.1951219512195,0.4558458897577723,True,197.36961451247305,2.879113018597997
102224,Canyon Wren,Catherpes mexicanus,United States,39.9,-108.725,78,Andrew Spencer,https://creativecommons.org/licenses/by-nc-nd/2.5/,data/prototype/raw/Canyon Wren/XC102224.mp3,8889.060363215087,95.33898305084746,0.6451744264965387,True,255.41950113378675,2.0107918672562235
102256,Canyon Wren,Catherpes mexicanus,United States,39.822,-108.617,44,Andrew Spencer,https://creativecommons.org/licenses/by-nc-nd/2.5/,data/prototype/raw/Canyon Wren/XC102256.mp3,8061.399473070635,117.1875,0.7631706138231029,True,208.9795918367372,1.8805506376393728
102260,Canyon Wren,Catherpes mexicanus,United States,39.822,-108.617,108,Andrew Spencer,https://creativecommons.org/licenses/by-nc-nd/2.5/,data/prototype/raw/Canyon Wren/XC102260.mp3,6732.015382805095,148.02631578947367,0.4199882191242882,True,208.979591836723,3.7736534249645928
102261,Canyon Wren,Catherpes mexicanus,United States,39.822,-108.617,95,Andrew Spencer,https://creativecommons.org/licenses/by-nc-nd/2.5/,data/prototype/raw/Canyon Wren/XC102261.mp3,7167.931894528138,133.92857142857142,0.6445439283715725,True,232.19954648525842,2.192981621296493
122449,Canyon Wren,Catherpes mexicanus,United States,29.8999,-98.6416,41,Chris Harrison,https://creativecommons.org/licenses/by-nc-sa/3.0/,data/prototype/raw/Canyon Wren/XC122449.mp3,3553.1816895164743,144.23076923076923,0.3109898674980514,True,185.75963718820887,4.606887144005227
123291,Canyon Wren,Catherpes mexicanus,United States,29.7525,-99.8576,28,Chris Harrison,https://creativecommons.org/licenses/by-nc-sa/3.0/,data/prototype/raw/Canyon Wren/XC123291.mp3,4647.172742467368,81.52173913043478,0.2572706935123042,True,208.97959183673365,3.672039054222944
140134,Canyon Wren,Catherpes mexicanus,United States,32.0385,-109.3861,73,Richard Dunn,https://creativecommons.org/licenses/by-nc-sa/3.0/,data/prototype/raw/Canyon Wren/XC140134.mp3,6470.293065936698,135.99917763157896,0.6546965657832837,True,371.51927437642485,1.5398950247000704
141459,Canyon Wren,Catherpes mexicanus,United States,29.8168,-99.5767,43,Mike Nelson,https://creativecommons.org/licenses/by-nc-sa/3.0/,data/prototype/raw/Canyon Wren/XC141459.mp3,4474.771522790029,126.04801829268293,0.0010758472296933,True,232.1995464852602,0.7415254237288136
168592,Canyon Wren,Catherpes mexicanus,Mexico,17.1733,-96.7706,36,Manuel Grosselet,https://creativecommons.org/licenses/by-nc-sa/3.0/,data/prototype/raw/Canyon Wren/XC168592.mp3,2561.3922407407986,139.6748310810811,0.0,True,278.6394557823133,2.8903907153324386
170089,Canyon Wren,Catherpes mexicanus,United States,34.1601,-117.8256,40,Lance A. M. Benner,https://creativecommons.org/licenses/by-nc-sa/3.0/,data/prototype/raw/Canyon Wren/XC170089.mp3,4299.884759536909,126.04801829268293,0.0002844950213371,True,162.53968253968054,5.46479333442248
172811,Canyon Wren,Catherpes mexicanus,United States,37.5525,-103.3089,39,Eric DeFonso,https://creativecommons.org/licenses/by-nc-sa/4.0/,data/prototype/raw/Canyon Wren/XC172811.mp3,5248.40115550395,110.29411764705884,0.0005383580080753,True,696.5986394557824,0.7066417918989139
172817,Canyon Wren,Catherpes mexicanus,United States,37.5525,-103.3089,88,Eric DeFonso,https://creativecommons.org/licenses/by-nc-sa/4.0/,data/prototype/raw/Canyon Wren/XC172817.mp3,1725.6670440803632,130.8139534883721,0.0004828002414001,True,278.63945578231153,1.3805898337965066
178525,Canyon Wren,Catherpes mexicanus,United States,36.4744,-121.1864,135,Thomas G. Graves,https://creativecommons.org/licenses/by-nc-sa/4.0/,data/prototype/raw/Canyon Wren/XC178525.mp3,4883.538192991005,137.1951219512195,0.724135207708103,True,162.53968253968765,3.8354715384499145
178526,Canyon Wren,Catherpes mexicanus,United States,36.4744,-121.1864,157,Thomas G. Graves,https://creativecommons.org/licenses/by-nc-sa/4.0/,data/prototype/raw/Canyon Wren/XC178526.mp3,5342.517378358082,122.28260869565216,0.760363045245191,True,185.7596371881982,3.6894498159314146
185247,Canyon Wren,Catherpes mexicanus,United States,33.885,-111.4788,36,Tim Marquardt,https://creativecommons.org/licenses/by-nc-sa/4.0/,data/prototype/raw/Canyon Wren/XC185247.mp3,4475.186801928866,123.046875,0.1067524115755627,True,267.02947845805005,1.7450931620839363
212098,Canyon Wren,Catherpes mexicanus,Mexico,19.699,-101.135,27,Elvis Herrera Rodríguez,https://creativecommons.org/licenses/by-nc-sa/4.0/,data/prototype/raw/Canyon Wren/XC212098.mp3,2569.2444350823325,122.28260869565216,0.0,True,185.75963718820887,5.288491966995227
220628,Canyon Wren,Catherpes mexicanus,Mexico,16.9166666667,-96.4166666667,39,Peter Boesman,https://creativecommons.org/licenses/by-nc-nd/4.0/,data/prototype/raw/Canyon Wren/XC220628.mp3,4234.893289433966,117.45383522727272,0.0014827995255041,True,116.09977324263099,6.975430456592802
220630,Canyon Wren,Catherpes mexicanus,Mexico,16.9166666667,-96.4166666667,28,Peter Boesman,https://creativecommons.org/licenses/by-nc-nd/4.0/,data/prototype/raw/Canyon Wren/XC220630.mp3,4630.5730995666345,105.46875,0.0077141697117336,True,116.09977324263099,5.561195436138134
220632,Canyon Wren,Catherpes mexicanus,Mexico,23.0,-99.1,49,Peter Boesman,https://creativecommons.org/licenses/by-nc-nd/4.0/,data/prototype/raw/Canyon Wren/XC220632.mp3,4675.176271544419,114.84375,0.1569957884885353,True,208.97959183673453,4.37405214472396
237154,Canyon Wren,Catherpes mexicanus,United States,34.285,-114.069,13,Lauren Harter,https://creativecommons.org/licenses/by-nc-sa/4.0/,data/prototype/raw/Canyon Wren/XC237154.mp3,4765.774205278717,98.6842105263158,0.0,True,139.31972789115753,5.796221367441737
265413,Canyon Wren,Catherpes mexicanus,Mexico,18.7915,-97.3204,47,Manuel Grosselet,https://creativecommons.org/licenses/by-nc-sa/4.0/,data/prototype/raw/Canyon Wren/XC265413.mp3,2968.1740562222503,112.34714673913044,0.0836211149481993,True,185.75963718821242,4.122782331125624
265806,Canyon Wren,Catherpes mexicanus,Mexico,23.5451,-105.8423,61,Andrew Spencer,https://creativecommons.org/licenses/by-nc-sa/4.0/,data/prototype/raw/Canyon Wren/XC265806.mp3,5111.251284025623,119.6808510638298,0.5544023525341636,True,139.31972789115576,4.184506974913848
279681,Canyon Wren,Catherpes mexicanus,United States,31.874,-109.1825,81,Paul Marvin,https://creativecommons.org/licenses/by-nc-sa/4.0/,data/prototype/raw/Canyon Wren/XC279681.mp3,5934.855731737704,144.23076923076923,0.6246729461015176,True,185.75963718821242,4.023156345382665
289210,Canyon Wren,Catherpes mexicanus,Mexico,28.373,-109.048,44,David Vander Pluym,https://creativecommons.org/licenses/by-nc-sa/4.0/,data/prototype/raw/Canyon Wren/XC289210.mp3,4010.121461365448,135.99917763157896,0.0174418604651162,True,232.19954648525487,2.117016345412331
297532,Canyon Wren,Catherpes mexicanus,United States,31.5193,-110.3871,40,Ross Gallardy,https://creativecommons.org/licenses/by-nc-sa/4.0/,data/prototype/raw/Canyon Wren/XC297532.mp3,6208.382865135273,126.04801829268293,0.6394675925925926,True,278.639455782312,1.769983041266252
299261,Canyon Wren,Catherpes mexicanus,United States,33.2808,-116.4337,10,Paul Marvin,https://creativecommons.org/licenses/by-nc-sa/4.0/,data/prototype/raw/Canyon Wren/XC299261.mp3,6257.519284019846,114.79591836734694,0.6569709127382146,True,162.5396825396823,4.890887065126517
314434,Canyon Wren,Catherpes mexicanus,United States,40.5744,-105.1905,100,Nat Warning,https://creativecommons.org/licenses/by-nc-sa/4.0/,data/prototype/raw/Canyon Wren/XC314434.mp3,4591.405421652046,125.0,0.0771683673469387,True,139.31972789116287,4.604160019090783
318753,Canyon Wren,Catherpes mexicanus,Mexico,19.3203,-99.1822,35,Manuel Grosselet,https://creativecommons.org/licenses/by-nc-sa/4.0/,data/prototype/raw/Canyon Wren/XC318753.mp3,1329.9617808146131,112.34714673913044,0.0,True,174.1496598639447,2.9518109923006213
321753,Canyon Wren,Catherpes mexicanus,United States,37.0089,-102.7467,60,Sue Riffe,https://creativecommons.org/licenses/by-nc-sa/4.0/,data/prototype/raw/Canyon Wren/XC321753.mp3,5765.193058202683,133.92857142857142,0.0053106744556558,True,185.75963718820887,4.065990638568826
321756,Canyon Wren,Catherpes mexicanus,United States,37.0089,-102.7467,73,Sue Riffe,https://creativecommons.org/licenses/by-nc-sa/4.0/,data/prototype/raw/Canyon Wren/XC321756.mp3,5705.970654699271,110.29411764705884,0.0262815884476534,True,278.63945578231153,2.8026098377324913
321759,Canyon Wren,Catherpes mexicanus,United States,37.0089,-102.7467,125,Sue Riffe,https://creativecommons.org/licenses/by-nc-sa/4.0/,data/prototype/raw/Canyon Wren/XC321759.mp3,5868.022644483897,130.8139534883721,0.3950093362756747,True,255.41950113378675,3.159037188069504
330125,Canyon Wren,Catherpes mexicanus,United States,33.011,-117.0098,77,Joshua Jaeger,https://creativecommons.org/licenses/by-nc-sa/4.0/,data/prototype/raw/Canyon Wren/XC330125.mp3,4363.187574481631,105.46875,0.976894223555889,False,,
331905,Canyon Wren,Catherpes mexicanus,Mexico,19.3163,-99.1939,59,Esau Toaki Villarreal ,https://creativecommons.org/licenses/by-nc-sa/4.0/,data/prototype/raw/Canyon Wren/XC331905.mp3,2516.6724891318754,137.1951219512195,0.0115523465703971,True,185.75963718820887,2.0477591732979663
341849,Canyon Wren,Catherpes mexicanus,United States,47.205,-110.9356,28,Thomas Magarian,https://creativecommons.org/licenses/by-nc-sa/4.0/,data/prototype/raw/Canyon Wren/XC341849.mp3,1967.179302143735,184.5703125,0.0004088307440719,True,185.75963718820853,2.7820633217064663
341850,Canyon Wren,Catherpes mexicanus,United States,47.205,-110.9356,36,Thomas Magarian,https://creativecommons.org/licenses/by-nc-sa/4.0/,data/prototype/raw/Canyon Wren/XC341850.mp3,3235.204049238963,99.38401442307692,0.0003151591553734,True,255.41950113378675,3.828011879081587
341851,Canyon Wren,Catherpes mexicanus,United States,47.205,-110.9356,43,Thomas Magarian,https://creativecommons.org/licenses/by-nc-sa/4.0/,data/prototype/raw/Canyon Wren/XC341851.mp3,3074.40696766918,92.28515625,0.1124966834704165,True,139.31972789115932,3.8394567299320914
351288,Canyon Wren,Catherpes mexicanus,United States,37.5964,-120.0039,50,Antonio Xeira,https://creativecommons.org/licenses/by-nc-sa/4.0/,data/prototype/raw/Canyon Wren/XC351288.mp3,4250.027890801439,101.33272058823528,0.0013651877133105,True,255.41950113378675,0.27441756272401435
11664,Brown Thrasher,Toxostoma rufum,United States,35.2176,-85.922,63,Chris Parrish,https://creativecommons.org/licenses/by-nc-nd/2.5/,data/prototype/raw/Brown Thrasher/XC11664.mp3,3755.387533407883,147.65625,0.5086588061901253,True,162.53968253968054,2.840742244178816
13182,Brown Thrasher,Toxostoma rufum,United States,37.56112,-102.39769,58,Andrew Spencer,https://creativecommons.org/licenses/by-nc-nd/2.5/,data/prototype/raw/Brown Thrasher/XC13182.mp3,5467.830412162164,129.19921875,0.6976790716286515,True,185.75963718821242,2.447518009905448
13183,Brown Thrasher,Toxostoma rufum,United States,37.56112,-102.39769,63,Andrew Spencer,https://creativecommons.org/licenses/by-nc-nd/2.5/,data/prototype/raw/Brown Thrasher/XC13183.mp3,5453.329227080859,129.19921875,0.6677098674521355,True,185.75963718820532,2.2359802195526095
13184,Brown Thrasher,Toxostoma rufum,United States,37.56112,-102.39769,34,Andrew Spencer,https://creativecommons.org/licenses/by-nc-nd/2.5/,data/prototype/raw/Brown Thrasher/XC13184.mp3,5116.825427140361,139.6748310810811,0.6975560081466395,True,162.5396825396832,2.865975935828877
49871,Brown Thrasher,Toxostoma rufum,United States,39.557,-79.6789,86,Andrew Spencer,https://creativecommons.org/licenses/by-nc-nd/2.5/,data/prototype/raw/Brown Thrasher/XC49871.mp3,3974.20178452927,137.1951219512195,0.4222935440069127,True,197.3696145124677,3.1134259259259256
55200,Brown Thrasher,Toxostoma rufum,United States,34.1673,-84.1892,47,Stuart Fisher,https://creativecommons.org/licenses/by-nc-nd/2.5/,data/prototype/raw/Brown Thrasher/XC55200.mp3,4918.069777290164,93.9630681818182,0.4535957240038872,True,185.75963718820532,4.688354291962821
81305,Brown Thrasher,Toxostoma rufum,United States,44.793,-92.962,121,Jonathon Jongsma,https://creativecommons.org/licenses/by-sa/3.0/,data/prototype/raw/Brown Thrasher/XC81305.mp3,3854.6228539818967,129.19921875,0.4313669064748201,True,255.41950113378675,2.4292440103604576
83525,Brown Thrasher,Toxostoma rufum,United States,43.0484,-75.97103,14,Jelmer Poelstra,https://creativecommons.org/licenses/by-nc-nd/2.5/,data/prototype/raw/Brown Thrasher/XC83525.mp3,4325.1592965850505,166.70866935483872,0.2602291325695581,True,185.75963718820887,4.4414709944751385
104665,Brown Thrasher,Toxostoma rufum,United States,38.069,-102.615,162,Andrew Spencer,https://creativecommons.org/licenses/by-nc-nd/2.5/,data/prototype/raw/Brown Thrasher/XC104665.mp3,3406.477465920141,156.25,0.4818032247449819,True,185.75963718822663,3.7637588955723054
104666,Brown Thrasher,Toxostoma rufum,United States,38.069,-102.615,96,Andrew Spencer,https://creativecommons.org/licenses/by-nc-nd/2.5/,data/prototype/raw/Brown Thrasher/XC104666.mp3,5882.141148447514,181.4516129032258,0.6140583554376657,True,208.979591836723,2.942882090159659
131881,Brown Thrasher,Toxostoma rufum,United States,33.3198,-82.0069,53,Liam Wolff,https://creativecommons.org/licenses/by-nc-sa/3.0/,data/prototype/raw/Brown Thrasher/XC131881.mp3,3689.074564004114,170.45454545454547,0.38781987700853,True,185.75963718820532,3.7201690525800766
131882,Brown Thrasher,Toxostoma rufum,United States,33.3198,-82.0069,45,Liam Wolff,https://creativecommons.org/licenses/by-nc-sa/3.0/,data/prototype/raw/Brown Thrasher/XC131882.mp3,3474.838485700533,156.25,0.0209461049658743,True,162.5396825396841,3.7075439973097186
136051,Brown Thrasher,Toxostoma rufum,United States,44.8432,-93.3698,70,Jonathon Jongsma,https://creativecommons.org/licenses/by-sa/3.0/,data/prototype/raw/Brown Thrasher/XC136051.mp3,4469.087740020823,160.71428571428572,0.6691466747646523,True,185.75963718820887,2.6192906378371674
136053,Brown Thrasher,Toxostoma rufum,United States,44.8432,-93.3698,61,Jonathon Jongsma,https://creativecommons.org/licenses/by-sa/3.0/,data/prototype/raw/Brown Thrasher/XC136053.mp3,4434.202208948615,165.44117647058823,0.6865723161891611,True,185.75963718820887,2.3624595469255665
138065,Brown Thrasher,Toxostoma rufum,United States,40.1226,-75.0635,87,Paul Driver,https://creativecommons.org/licenses/by-nc-sa/3.0/,data/prototype/raw/Brown Thrasher/XC138065.mp3,4961.296447575767,117.45383522727272,0.4064976228209191,True,185.75963718821242,3.4356426448737
138610,Brown Thrasher,Toxostoma rufum,United States,31.9475,-81.0359,36,Russ Wigh,https://creativecommons.org/licenses/by-nc-sa/3.0/,data/prototype/raw/Brown Thrasher/XC138610.mp3,4283.905117876586,147.65625,0.5747957259585167,True,162.5396825396823,2.7618176348152836
141035,Brown Thrasher,Toxostoma rufum,United States,33.8438,-78.6105,48,Bernard BOUSQUET,https://creativecommons.org/licenses/by-nc-sa/3.0/,data/prototype/raw/Brown Thrasher/XC141035.mp3,5331.056919200129,215.33203125,0.477124183006536,True,185.75963718820887,3.1908313195465787
174538,Brown Thrasher,Toxostoma rufum,United States,31.9237,-81.0559,108,Russ Wigh,https://creativecommons.org/licenses/by-nc-sa/4.0/,data/prototype/raw/Brown Thrasher/XC174538.mp3,3833.595513871773,114.84375,0.0387172887172887,True,185.75963718821242,3.2332340006761826
179632,Brown Thrasher,Toxostoma rufum,Canada,45.0287,-72.9243,107,Martin St-Michel,https://creativecommons.org/licenses/by-nc-sa/4.0/,data/prototype/raw/Brown Thrasher/XC179632.mp3,5196.598919111799,178.20581896551724,0.5141004862236629,True,185.75963718820532,3.8625623024556286
231517,Brown Thrasher,Toxostoma rufum,United States,35.7832,-94.2443,23,Peter Boesman,https://creativecommons.org/licenses/by-nc-nd/4.0/,data/prototype/raw/Brown Thrasher/XC231517.mp3,4125.611138130537,132.51201923076923,0.4163027656477438,True,139.31972789115753,3.5105808322514
237843,Brown Thrasher,Toxostoma rufum,Canada,44.656,-79.014,84,Viktor Nilsson-Örtman,https://creativecommons.org/licenses/by-nc-sa/4.0/,data/prototype/raw/Brown Thrasher/XC237843.mp3,3815.3410305471584,152.02702702702703,0.5763571790969051,True,185.75963718820532,4.019441132167663
317864,Brown Thrasher,Toxostoma rufum,United States,42.0323,-79.4237,70,Jim Berry,https://creativecommons.org/licenses/by-nc-sa/4.0/,data/prototype/raw/Brown Thrasher/XC317864.mp3,6890.27401800117,156.25,0.0059378806333739,True,208.9795918367372,2.1125953642534157
320485,Brown Thrasher,Toxostoma rufum,United States,44.8591,-92.7919,138,Jonathon Jongsma,https://creativecommons.org/licenses/by-sa/4.0/,data/prototype/raw/Brown Thrasher/XC320485.mp3,4550.3664842804255,156.25,0.3295109146172976,True,185.75963718821242,2.940580343609664
321692,Brown Thrasher,Toxostoma rufum,Canada,45.0889,-74.2627,119,Martin St-Michel,https://creativecommons.org/licenses/by-nc-sa/4.0/,data/prototype/raw/Brown Thrasher/XC321692.mp3,5790.662714054412,132.51201923076923,0.4938343528497912,True,185.7596371881982,3.9811830893598428
322488,Brown Thrasher,Toxostoma rufum,United States,44.2208,-89.8082,57,Ross Gallardy,https://creativecommons.org/licenses/by-nc-sa/4.0/,data/prototype/raw/Brown Thrasher/XC322488.mp3,4935.0441141454585,172.265625,0.6647932557205941,True,162.53968253968242,3.0257135665664827
328805,Brown Thrasher,Toxostoma rufum,Canada,45.0889,-74.2627,105,Martin St-Michel,https://creativecommons.org/licenses/by-nc-sa/4.0/,data/prototype/raw/Brown Thrasher/XC328805.mp3,5751.298455981735,139.6748310810811,0.5786740331491713,True,162.53968253968765,2.369972961213327
420604,Brown Thrasher,Toxostoma rufum,Canada,43.3516,-80.113,26,Doug Welch,https://creativecommons.org/licenses/by-nc-sa/4.0/,data/prototype/raw/Brown Thrasher/XC420604.mp3,5138.129708890528,151.99908088235293,0.0048394192696876,True,162.5396825396823,4.017076830268063
461195,Brown Thrasher,Toxostoma rufum,United States,32.0753,-81.3581,37,Russ Wigh,https://creativecommons.org/licenses/by-nc-sa/4.0/,data/prototype/raw/Brown Thrasher/XC461195.mp3,5588.487771749845,137.1951219512195,0.4307126696832579,True,162.53968253968054,4.428083550788249
538953,Brown Thrasher,Toxostoma rufum,United States,35.987,-87.145,30,Brian Hendrix,https://creativecommons.org/licenses/by-nc-sa/4.0/,data/prototype/raw/Brown Thrasher/XC538953.mp3,4754.4054135409215,165.44117647058823,0.0,True,162.53968253968253,4.368866953390708
546731,Brown Thrasher,Toxostoma rufum,United States,40.7449,-74.5523,64,William Whitehead,https://creativecommons.org/licenses/by-nc-sa/4.0/,data/prototype/raw/Brown Thrasher/XC546731.mp3,6227.88063000838,133.92857142857142,0.0,True,255.41950113378675,1.9294374344169805
552568,Brown Thrasher,Toxostoma rufum,United States,35.987,-87.145,35,Brian Hendrix,https://creativecommons.org/licenses/by-nc-sa/4.0/,data/prototype/raw/Brown Thrasher/XC552568.mp3,4875.60045204693,165.44117647058823,0.0192878338278931,True,185.75963718821066,3.811288332412321
557113,Brown Thrasher,Toxostoma rufum,Canada,44.3459,-78.2904,52,Christopher Moser-Purdy,https://creativecommons.org/licenses/by-nc-sa/4.0/,data/prototype/raw/Brown Thrasher/XC557113.mp3,660.7705621539264,46.98153409090909,0.1750278706800446,True,232.19954648526198,1.3253533665865824
557336,Brown Thrasher,Toxostoma rufum,United States,41.8605,-88.1756,148,Matt Wistrand,https://creativecommons.org/licenses/by-nc-sa/4.0/,data/prototype/raw/Brown Thrasher/XC557336.mp3,3374.078277348168,200.8928571428572,0.5812981773647432,True,162.53968253968765,3.255524737068616
570946,Brown Thrasher,Toxostoma rufum,United States,44.8349,-93.374,76,Michael Hurben,https://creativecommons.org/licenses/by-nc-sa/4.0/,data/prototype/raw/Brown Thrasher/XC570946.mp3,2711.2143831660583,135.99917763157896,0.0021347971942665,True,208.97959183673586,3.638674555818209
570947,Brown Thrasher,Toxostoma rufum,United States,44.8349,-93.374,82,Michael Hurben,https://creativecommons.org/licenses/by-nc-sa/4.0/,data/prototype/raw/Brown Thrasher/XC570947.mp3,2818.2034745751694,132.51201923076923,0.0,True,185.75963718821242,4.006740346778161
573468,Brown Thrasher,Toxostoma rufum,United States,31.9237,-81.0559,46,Russ Wigh,https://creativecommons.org/licenses/by-nc-sa/4.0/,data/prototype/raw/Brown Thrasher/XC573468.mp3,4767.525937329983,147.65625,0.282083543029693,True,162.5396825396823,4.183349176187944
580989,Brown Thrasher,Toxostoma rufum,United States,40.8445,-102.7729,177,Eric DeFonso,https://creativecommons.org/licenses/by-nc-sa/4.0/,data/prototype/raw/Brown Thrasher/XC580989.mp3,3603.056313403698,137.1951219512195,0.5846347909658818,True,208.9795918367301,3.0578454986284176
600713,Brown Thrasher,Toxostoma rufum,United States,42.7051,-71.5164,166,Christopher McPherson,https://creativecommons.org/licenses/by-nc-sa/4.0/,data/prototype/raw/Brown Thrasher/XC600713.mp3,4257.53058875818,152.02702702702703,0.3658130601792573,True,162.53968253968765,3.8353494168152222
785882,Brown Thrasher,Toxostoma rufum,United States,42.1932,-79.5778,96,Jim Berry,https://creativecommons.org/licenses/by-nc-sa/4.0/,data/prototype/raw/Brown Thrasher/XC785882.mp3,4444.683636586648,107.666015625,0.5544887181949112,True,232.19954648526198,2.3158506737685087
798307,Brown Thrasher,Toxostoma rufum,United States,30.2635,-87.6432,43,Timothy Marquardt,https://creativecommons.org/licenses/by-nc-sa/4.0/,data/prototype/raw/Brown Thrasher/XC798307.mp3,3645.60316267947,125.0,0.0,True,162.53968253968054,4.65281162759782
802377,Brown Thrasher,Toxostoma rufum,United States,38.7894,-78.3779,39,Thomas Magarian,https://creativecommons.org/licenses/by-nc-sa/4.0/,data/prototype/raw/Brown Thrasher/XC802377.mp3,12618.803593034703,118.42105263157896,0.5663764961915125,False,,
802378,Brown Thrasher,Toxostoma rufum,United States,38.7894,-78.3779,65,Thomas Magarian,https://creativecommons.org/licenses/by-nc-sa/4.0/,data/prototype/raw/Brown Thrasher/XC802378.mp3,12516.81629775736,144.23076923076923,0.542654607675385,False,,
802379,Brown Thrasher,Toxostoma rufum,United States,38.7894,-78.3779,52,Thomas Magarian,https://creativecommons.org/licenses/by-nc-sa/4.0/,data/prototype/raw/Brown Thrasher/XC802379.mp3,13037.370090318973,118.42105263157896,0.5542903619357462,False,,
803578,Brown Thrasher,Toxostoma rufum,Canada,41.9501,-82.5237,45,David Tattersley,https://creativecommons.org/licenses/by-nc-sa/4.0/,data/prototype/raw/Brown Thrasher/XC803578.mp3,2343.1241497698097,132.51201923076923,0.0,True,162.5396825396841,3.91260162601626
803817,Brown Thrasher,Toxostoma rufum,United States,40.8918,-91.0756,53,Bobby Wilcox,https://creativecommons.org/licenses/by-nc-sa/4.0/,data/prototype/raw/Brown Thrasher/XC803817.mp3,5283.884358093145,112.5,0.2788023002181241,True,185.75963718820532,3.7371683848565436
827178,Brown Thrasher,Toxostoma rufum,United States,44.2588,-83.4423,120,Richard E. Webster,https://creativecommons.org/licenses/by-nc-sa/4.0/,data/prototype/raw/Brown Thrasher/XC827178.mp3,3794.106412765423,140.625,0.6253097345132743,True,185.75963718821242,3.169387310485268
827181,Brown Thrasher,Toxostoma rufum,United States,44.2588,-83.4423,110,Richard E. Webster,https://creativecommons.org/licenses/by-nc-sa/4.0/,data/prototype/raw/Brown Thrasher/XC827181.mp3,4562.878595792502,114.79591836734694,0.6020388536256972,True,185.75963718820887,3.8682090786338947
839369,Brown Thrasher,Toxostoma rufum,United States,44.6357,-84.6279,54,Manuel Oudard,https://creativecommons.org/licenses/by-nc-nd/4.0/,data/prototype/raw/Brown Thrasher/XC839369.mp3,9601.798835824213,112.34714673913044,0.0,True,185.75963718820697,3.105706275336036
893646,Brown Thrasher,Toxostoma rufum,United States,40.0357,-82.1959,168,Anthony Schmitt,https://creativecommons.org/licenses/by-nc-sa/4.0/,data/prototype/raw/Brown Thrasher/XC893646.mp3,1939.8076174583864,125.0,0.0,True,162.53968253968765,2.8377362188771555
900407,Brown Thrasher,Toxostoma rufum,United States,45.7066,-87.0724,112,Valerie Heemstra,https://creativecommons.org/licenses/by-nc-sa/4.0/,data/prototype/raw/Brown Thrasher/XC900407.mp3,3817.569200322362,152.02702702702703,0.0010458262027001,True,139.31972789115576,5.802945911048622
30650,Superb Lyrebird,Menura novaehollandiae,Australia,-33.1001,150.0334,49,Vicki Powys,https://creativecommons.org/licenses/by-nc-nd/2.5/,data/prototype/raw/Superb Lyrebird/XC30650.mp3,4191.770951616162,120.18531976744184,0.6332632562485401,True,185.75963718820532,3.299862026674843
98482,Superb Lyrebird,Menura novaehollandiae,Australia,-37.887,145.3701,88,Patrik Åberg,https://creativecommons.org/licenses/by-nc-nd/2.5/,data/prototype/raw/Superb Lyrebird/XC98482.mp3,3663.420921340092,123.046875,0.3232098442204477,True,255.41950113378675,2.5144974226804124
106580,Superb Lyrebird,Menura novaehollandiae,Australia,-37.944,145.691,104,Fraser Simpson,https://creativecommons.org/licenses/by-nc-nd/2.5/,data/prototype/raw/Superb Lyrebird/XC106580.mp3,4988.796237889057,114.84375,0.8066629650194337,True,278.63945578231153,2.7931346826586707
134250,Superb Lyrebird,Menura novaehollandiae,Australia,-34.633,150.7199,155,Marc Anderson,https://creativecommons.org/licenses/by-nc-sa/3.0/,data/prototype/raw/Superb Lyrebird/XC134250.mp3,3277.344157800312,140.625,0.6283374621524911,True,232.1995464852602,3.3806451612903228
146098,Superb Lyrebird,Menura novaehollandiae,Australia,-33.005,151.3931,23,Marc Anderson,https://creativecommons.org/licenses/by-nc-nd/3.0/,data/prototype/raw/Superb Lyrebird/XC146098.mp3,3502.9919433543573,208.3333333333333,0.4826966292134831,True,139.31972789115753,5.268434503204546
195488,Superb Lyrebird,Menura novaehollandiae,Australia,-37.7126,145.6804,156,Tom Tarrant,https://creativecommons.org/licenses/by-nc-sa/4.0/,data/prototype/raw/Superb Lyrebird/XC195488.mp3,3348.91479797116,107.666015625,0.4098470221298084,True,232.19954648525842,3.095853629669511
217894,Superb Lyrebird,Menura novaehollandiae,Australia,-33.6267,151.1215,117,Henk Krajenbrink,https://creativecommons.org/licenses/by-nc-sa/4.0/,data/prototype/raw/Superb Lyrebird/XC217894.mp3,5214.665806071043,99.38401442307692,0.2922013820335636,True,766.2585034013603,1.2755328314245011
340211,Superb Lyrebird,Menura novaehollandiae,Australia,-32.8339,150.2047,134,Marc Anderson,https://creativecommons.org/licenses/by-nc-nd/4.0/,data/prototype/raw/Superb Lyrebird/XC340211.mp3,3043.735918428966,140.625,0.4359790042945761,True,232.19954648526198,2.818422117794889
342585,Superb Lyrebird,Menura novaehollandiae,Australia,-37.356,145.753,95,Stephen Bushell,https://creativecommons.org/licenses/by-nc-sa/4.0/,data/prototype/raw/Superb Lyrebird/XC342585.mp3,2361.2050774140785,125.0,0.0331880657056654,True,232.19954648526198,2.2839654875039734
355066,Superb Lyrebird,Menura novaehollandiae,Australia,-34.1338,151.0317,96,Greg McLachlan,https://creativecommons.org/licenses/by-nc-nd/4.0/,data/prototype/raw/Superb Lyrebird/XC355066.mp3,3471.611615598997,93.9630681818182,0.5409560413163584,True,278.63945578231153,2.348354085451591
366877,Superb Lyrebird,Menura novaehollandiae,Australia,-37.887,145.3701,134,Frank Lambert,https://creativecommons.org/licenses/by-nc-nd/4.0/,data/prototype/raw/Superb Lyrebird/XC366877.mp3,3848.4567747176898,133.92857142857142,0.7027671755725191,True,185.75963718821242,3.7648354345726185
366879,Superb Lyrebird,Menura novaehollandiae,Australia,-37.887,145.3701,141,Frank Lambert,https://creativecommons.org/licenses/by-nc-nd/4.0/,data/prototype/raw/Superb Lyrebird/XC366879.mp3,3856.230873529749,104.16666666666669,0.4421624886741165,True,278.63945578232574,2.5342614399564414
445523,Superb Lyrebird,Menura novaehollandiae,Australia,-30.5137,152.4226,72,Marc Anderson,https://creativecommons.org/licenses/by-nc-nd/4.0/,data/prototype/raw/Superb Lyrebird/XC445523.mp3,3307.313950822134,106.13207547169812,0.5766961651917404,True,325.07936507936284,2.226406692923262
460806,Superb Lyrebird,Menura novaehollandiae,Australia,-33.123,150.3216,114,Marc Anderson,https://creativecommons.org/licenses/by-nc-nd/4.0/,data/prototype/raw/Superb Lyrebird/XC460806.mp3,2850.93106683239,104.16666666666669,0.3378517341310648,True,255.41950113378675,2.5241056782440965
492308,Superb Lyrebird,Menura novaehollandiae,Australia,-37.885,145.36,130,Catherine Clover,https://creativecommons.org/licenses/by-nc-sa/4.0/,data/prototype/raw/Superb Lyrebird/XC492308.mp3,2580.4973423904107,125.0,0.035895754794296,True,301.8594104308363,1.6903310693373734
605887,Superb Lyrebird,Menura novaehollandiae,Australia,-35.3397,148.9147,46,Liam Manderson,https://creativecommons.org/licenses/by-nc-sa/4.0/,data/prototype/raw/Superb Lyrebird/XC605887.mp3,3783.448273104728,127.8409090909091,0.2812427544632506,True,162.5396825396841,4.521739130434782
609328,Superb Lyrebird,Menura novaehollandiae,Australia,-32.8339,150.2047,65,Marc Anderson,https://creativecommons.org/licenses/by-nc-nd/4.0/,data/prototype/raw/Superb Lyrebird/XC609328.mp3,2912.5092731253203,133.92857142857142,0.617000328191664,True,208.97959183673544,3.953846153846154
804366,Superb Lyrebird,Menura novaehollandiae,Australia,-37.9024,145.3814,77,Zebedee Muller,https://creativecommons.org/licenses/by-nc-sa/4.0/,data/prototype/raw/Superb Lyrebird/XC804366.mp3,2845.2796319457007,178.20581896551724,0.3195415984521506,True,255.41950113378675,2.5257761331497472
804368,Superb Lyrebird,Menura novaehollandiae,Australia,-37.9024,145.3814,49,Zebedee Muller,https://creativecommons.org/licenses/by-nc-sa/4.0/,data/prototype/raw/Superb Lyrebird/XC804368.mp3,2617.241335191071,109.9567819148936,0.3735537190082644,True,208.9795918367301,3.234169776962715
817874,Superb Lyrebird,Menura novaehollandiae,Australia,-33.5394,150.4218,74,Elisabeth Hein,https://creativecommons.org/licenses/by-nc-sa/4.0/,data/prototype/raw/Superb Lyrebird/XC817874.mp3,4195.225542122452,101.33272058823528,0.477984496124031,True,278.6394557823122,2.5240904383218155
832555,Superb Lyrebird,Menura novaehollandiae,Australia,-37.5286,145.5195,59,nick talbot,https://creativecommons.org/licenses/by-nc-sa/4.0/,data/prototype/raw/Superb Lyrebird/XC832555.mp3,3426.9429168133315,102.27272727272728,0.5831998576259121,True,278.63945578231153,2.269490235016506
842470,Superb Lyrebird,Menura novaehollandiae,Australia,-37.8903,145.3742,99,Ken George,https://creativecommons.org/licenses/by-nc-sa/4.0/,data/prototype/raw/Superb Lyrebird/XC842470.mp3,2575.989216145737,126.04801829268293,0.2625979188588799,True,325.0793650793655,1.1682780847145489
1019456,Superb Lyrebird,Menura novaehollandiae,Australia,-37.8978,145.3817,121,Vanessa Ferdinand,https://creativecommons.org/licenses/by-nc-sa/4.0/,data/prototype/raw/Superb Lyrebird/XC1019456.mp3,4258.3574754203,129.19921875,0.7598926894701542,True,185.75963718821242,3.854294864308878
1031960,Superb Lyrebird,Menura novaehollandiae,Australia,-32.1999,151.3094,22,Marc Anderson,https://creativecommons.org/licenses/by-nc-nd/4.0/,data/prototype/raw/Superb Lyrebird/XC1031960.mp3,2313.4503266562165,151.99908088235293,0.1982581967213114,True,185.75963718820887,5.03157620825285
1031961,Superb Lyrebird,Menura novaehollandiae,Australia,-32.1999,151.3094,44,Marc Anderson,https://creativecommons.org/licenses/by-nc-nd/4.0/,data/prototype/raw/Superb Lyrebird/XC1031961.mp3,3113.955534427965,92.28515625,0.0467579436838026,True,197.36961451247305,3.761252872832318
1031962,Superb Lyrebird,Menura novaehollandiae,Australia,-32.1999,151.3094,32,Marc Anderson,https://creativecommons.org/licenses/by-nc-nd/4.0/,data/prototype/raw/Superb Lyrebird/XC1031962.mp3,2493.139185567008,123.046875,0.3563340410474168,True,232.1995464852602,3.597063621533442
1031963,Superb Lyrebird,Menura novaehollandiae,Australia,-32.1999,151.3094,47,Marc Anderson,https://creativecommons.org/licenses/by-nc-nd/4.0/,data/prototype/raw/Superb Lyrebird/XC1031963.mp3,3225.8392841581567,151.99908088235293,0.6579012042270829,True,139.31972789115932,5.631416029464289
1040676,Superb Lyrebird,Menura novaehollandiae,Australia,-33.7325,150.3118,25,Andrew McCafferty,https://creativecommons.org/licenses/by-nc-sa/4.0/,data/prototype/raw/Superb Lyrebird/XC1040676.mp3,3953.536547378395,147.65625,0.421832884097035,True,278.63945578231153,2.902196631609243
1041387,Superb Lyrebird,Menura novaehollandiae,Australia,-33.5497,151.2987,65,e-cla,https://creativecommons.org/licenses/by-nc-sa/4.0/,data/prototype/raw/Superb Lyrebird/XC1041387.mp3,2099.244357130403,144.23076923076923,0.0347233490183352,True,313.46938775510404,1.7800625542070914
1045878,Superb Lyrebird,Menura novaehollandiae,Australia,-34.0881,151.0568,52,Marc Anderson,https://creativecommons.org/licenses/by-nc-nd/4.0/,data/prototype/raw/Superb Lyrebird/XC1045878.mp3,3308.39932726459,107.666015625,0.3962765957446808,True,208.9795918367372,3.83713319515654
1045879,Superb Lyrebird,Menura novaehollandiae,Australia,-34.0881,151.0568,117,Marc Anderson,https://creativecommons.org/licenses/by-nc-nd/4.0/,data/prototype/raw/Superb Lyrebird/XC1045879.mp3,3181.653025126485,109.9567819148936,0.5144325820482404,True,232.19954648524777,3.5422001353889074
1045880,Superb Lyrebird,Menura novaehollandiae,Australia,-34.0881,151.0568,149,Marc Anderson,https://creativecommons.org/licenses/by-nc-nd/4.0/,data/prototype/raw/Superb Lyrebird/XC1045880.mp3,3138.0758950884915,178.20581896551724,0.4469949592865451,True,232.19954648526198,3.5335917586635395
1045881,Superb Lyrebird,Menura novaehollandiae,Australia,-34.0881,151.0568,56,Marc Anderson,https://creativecommons.org/licenses/by-nc-nd/4.0/,data/prototype/raw/Superb Lyrebird/XC1045881.mp3,3326.478821558906,77.1338619402985,0.1311779242174629,True,162.53968253968054,5.339592980785012
1045885,Superb Lyrebird,Menura novaehollandiae,Australia,-34.0881,151.0568,172,Marc Anderson,https://creativecommons.org/licenses/by-nc-nd/4.0/,data/prototype/raw/Superb Lyrebird/XC1045885.mp3,3307.8780878628445,129.19921875,0.3934547409448289,True,185.7596371881982,4.665315466551235
1045886,Superb Lyrebird,Menura novaehollandiae,Australia,-34.0881,151.0568,56,Marc Anderson,https://creativecommons.org/licenses/by-nc-nd/4.0/,data/prototype/raw/Superb Lyrebird/XC1045886.mp3,3406.322981464932,107.666015625,0.7543532338308457,True,208.97959183673476,3.375
1103947,Superb Lyrebird,Menura novaehollandiae,Australia,-33.7251,150.2897,127,Romuald Mikusek,https://creativecommons.org/licenses/by-nc-sa/4.0/,data/prototype/raw/Superb Lyrebird/XC1103947.mp3,3425.5298927084123,100.44642857142856,0.5512326010397451,True,255.41950113378675,2.6256700811869584
13627,White-throated Sparrow,Zonotrichia albicollis,Canada,48.2539,-69.9584,56,Chris Parrish,https://creativecommons.org/licenses/by-nc-nd/2.5/,data/prototype/raw/White-throated Sparrow/XC13627.mp3,7574.501572209692,99.38401442307692,0.689119170984456,True,139.31972789115576,5.999144922654367
14297,White-throated Sparrow,Zonotrichia albicollis,United States,48.056,-90.52427,48,Andrew Spencer,https://creativecommons.org/licenses/by-nc-nd/2.5/,data/prototype/raw/White-throated Sparrow/XC14297.mp3,4600.046141016135,147.65625,0.0192910537738123,True,2832.834467120181,0.22848277265328268
14298,White-throated Sparrow,Zonotrichia albicollis,United States,48.056,-90.52427,53,Andrew Spencer,https://creativecommons.org/licenses/by-nc-nd/2.5/,data/prototype/raw/White-throated Sparrow/XC14298.mp3,5399.631965257887,161.4990234375,0.344485214763652,True,278.63945578231306,2.3240195483244293
52450,White-throated Sparrow,Zonotrichia albicollis,United States,44.367,-71.527,69,Andrew Spencer,https://creativecommons.org/licenses/by-nc-nd/2.5/,data/prototype/raw/White-throated Sparrow/XC52450.mp3,7859.634909456153,114.79591836734694,0.882046568627451,True,162.53968253968765,4.380671048260498
59166,White-throated Sparrow,Zonotrichia albicollis,United States,46.7678,-68.6009,79,Tayler Brooks,https://creativecommons.org/licenses/by-nc-nd/2.5/,data/prototype/raw/White-throated Sparrow/XC59166.mp3,6990.18901502441,132.51201923076923,0.7213973799126637,True,162.53968253968054,4.965402882410744
83546,White-throated Sparrow,Zonotrichia albicollis,Canada,45.919,-77.583,16,Jelmer Poelstra,https://creativecommons.org/licenses/by-nc-nd/2.5/,data/prototype/raw/White-throated Sparrow/XC83546.mp3,4712.21171828152,87.5926906779661,0.3246661981728742,True,139.31972789115665,5.936016613924051
137568,White-throated Sparrow,Zonotrichia albicollis,Canada,47.8534,-70.42,169,Martin St-Michel,https://creativecommons.org/licenses/by-nc-sa/3.0/,data/prototype/raw/White-throated Sparrow/XC137568.mp3,3996.872588667021,114.84375,0.8705050782322262,True,940.4081632653103,0.5497461781964175
139053,White-throated Sparrow,Zonotrichia albicollis,Canada,47.8043,-70.7847,122,Martin St-Michel,https://creativecommons.org/licenses/by-nc-sa/3.0/,data/prototype/raw/White-throated Sparrow/XC139053.mp3,4269.788616720623,143.5546875,0.5628856193640247,True,278.63945578231153,2.510111864587783
153309,White-throated Sparrow,Zonotrichia albicollis,United States,44.4461,-74.1155,153,Meena Haribal,https://creativecommons.org/licenses/by-nc-sa/3.0/,data/prototype/raw/White-throated Sparrow/XC153309.mp3,3732.755599536851,132.51201923076923,0.0130625188764723,True,603.7188208616726,0.8324838600067959
188416,White-throated Sparrow,Zonotrichia albicollis,Canada,55.5267,-120.0314,176,Richard E. Webster,https://creativecommons.org/licenses/by-nc-sa/4.0/,data/prototype/raw/White-throated Sparrow/XC188416.mp3,5331.785903475245,143.5546875,0.9418382788341338,False,,
188417,White-throated Sparrow,Zonotrichia albicollis,Canada,55.5267,-120.0314,115,Richard E. Webster,https://creativecommons.org/licenses/by-nc-sa/4.0/,data/prototype/raw/White-throated Sparrow/XC188417.mp3,6984.227373833694,112.34714673913044,0.6405650857719475,True,464.39909297052395,1.1213172683923707
189064,White-throated Sparrow,Zonotrichia albicollis,Canada,59.0988,-123.4621,11,Richard E. Webster,https://creativecommons.org/licenses/by-nc-sa/4.0/,data/prototype/raw/White-throated Sparrow/XC189064.mp3,7254.770196312534,271.9983552631579,0.7127236580516899,True,150.9297052154195,4.025097874720358
189812,White-throated Sparrow,Zonotrichia albicollis,Canada,56.327,-120.9521,83,Richard E. Webster,https://creativecommons.org/licenses/by-nc-sa/4.0/,data/prototype/raw/White-throated Sparrow/XC189812.mp3,4056.48480905316,120.18531976744184,0.6768123962368566,True,499.2290249433111,1.0845559620174348
190047,White-throated Sparrow,Zonotrichia albicollis,Canada,56.327,-120.9521,139,Richard E. Webster,https://creativecommons.org/licenses/by-nc-sa/4.0/,data/prototype/raw/White-throated Sparrow/XC190047.mp3,4164.468331715671,75.99954044117646,0.1852995161021191,True,313.4693877551058,2.3642821944809462
190049,White-throated Sparrow,Zonotrichia albicollis,Canada,56.327,-120.9521,173,Richard E. Webster,https://creativecommons.org/licenses/by-nc-sa/4.0/,data/prototype/raw/White-throated Sparrow/XC190049.mp3,4404.580373519932,0.0,0.4926249749716345,False,,
190052,White-throated Sparrow,Zonotrichia albicollis,Canada,56.327,-120.9521,150,Richard E. Webster,https://creativecommons.org/licenses/by-nc-sa/4.0/,data/prototype/raw/White-throated Sparrow/XC190052.mp3,4167.275150347065,120.18531976744184,0.3261121856866538,True,278.63945578231153,3.0856926793175488
191897,White-throated Sparrow,Zonotrichia albicollis,Canada,47.677,-70.8267,92,Martin St-Michel,https://creativecommons.org/licenses/by-nc-sa/4.0/,data/prototype/raw/White-throated Sparrow/XC191897.mp3,6223.066983885604,191.40625,0.8168978562421185,True,162.53968253968765,0.6952326901248581
217369,White-throated Sparrow,Zonotrichia albicollis,United States,32.1434,-93.4616,45,Terry Davis,https://creativecommons.org/licenses/by-nc-sa/4.0/,data/prototype/raw/White-throated Sparrow/XC217369.mp3,4584.742658509593,117.45383522727272,0.0,True,185.75963718820887,4.654946814548974
217392,White-throated Sparrow,Zonotrichia albicollis,United States,32.1434,-93.4616,35,Terry Davis,https://creativecommons.org/licenses/by-nc-sa/4.0/,data/prototype/raw/White-throated Sparrow/XC217392.mp3,4543.396944220744,90.66611842105264,0.0,True,185.75963718820842,5.0600216220626635
234159,White-throated Sparrow,Zonotrichia albicollis,United States,40.678,-73.9815,98,David DeLauro,https://creativecommons.org/licenses/by-nc-sa/4.0/,data/prototype/raw/White-throated Sparrow/XC234159.mp3,2357.5389814207324,66.25600961538461,0.1610129564193168,True,255.41950113378675,3.04380735897371
288986,White-throated Sparrow,Zonotrichia albicollis,United States,34.4842,-89.5949,24,J.R. Rigby,https://creativecommons.org/licenses/by-nc-sa/4.0/,data/prototype/raw/White-throated Sparrow/XC288986.mp3,6099.722476681198,107.666015625,0.0009587727708533,True,1346.7573696145125,0.6194377022653722
294259,White-throated Sparrow,Zonotrichia albicollis,Canada,47.0655,-71.4145,55,Martin St-Michel,https://creativecommons.org/licenses/by-nc-sa/4.0/,data/prototype/raw/White-throated Sparrow/XC294259.mp3,8294.291423812418,117.45383522727272,0.8162663295406658,True,162.53968253968054,5.154990516832622
296909,White-throated Sparrow,Zonotrichia albicollis,United States,44.8501,-67.1944,25,Paul Marvin,https://creativecommons.org/licenses/by-nc-sa/4.0/,data/prototype/raw/White-throated Sparrow/XC296909.mp3,6358.57908771332,98.6842105263158,0.731106471816284,True,185.75963718820887,4.190161418937999
296910,White-throated Sparrow,Zonotrichia albicollis,United States,44.4729,-67.5789,63,Paul Marvin,https://creativecommons.org/licenses/by-nc-sa/4.0/,data/prototype/raw/White-throated Sparrow/XC296910.mp3,5461.043904818115,108.17307692307692,0.663419549882432,True,139.31972789115576,6.975934538058538
297603,White-throated Sparrow,Zonotrichia albicollis,United States,47.1675,-92.7162,88,Paul Marvin,https://creativecommons.org/licenses/by-nc-sa/4.0/,data/prototype/raw/White-throated Sparrow/XC297603.mp3,6135.776256355274,148.02631578947367,0.630469034056478,True,116.0997732426381,6.14716653861197
297606,White-throated Sparrow,Zonotrichia albicollis,United States,44.3659,-73.9026,17,Paul Marvin,https://creativecommons.org/licenses/by-nc-sa/4.0/,data/prototype/raw/White-throated Sparrow/XC297606.mp3,5375.163657403547,152.02702702702703,0.3309608540925267,True,139.31972789115576,6.397415552600972
329803,White-throated Sparrow,Zonotrichia albicollis,Canada,52.9366,-107.093,133,John Patterson,https://creativecommons.org/licenses/by-nc-sa/4.0/,data/prototype/raw/White-throated Sparrow/XC329803.mp3,3585.0933963839284,100.44642857142856,0.2472997839827186,True,208.9795918367301,3.9005532417353073
329805,White-throated Sparrow,Zonotrichia albicollis,Canada,52.9534,-107.0932,144,John Patterson,https://creativecommons.org/licenses/by-nc-sa/4.0/,data/prototype/raw/White-throated Sparrow/XC329805.mp3,3299.373604302187,114.79591836734694,0.0071126917092687,True,673.3786848072612,1.0002545369317968
329835,White-throated Sparrow,Zonotrichia albicollis,Canada,52.9296,-107.1103,92,John Patterson,https://creativecommons.org/licenses/by-nc-sa/4.0/,data/prototype/raw/White-throated Sparrow/XC329835.mp3,1650.2175000588556,125.0,0.0,True,371.51927437641774,1.4526984339255011
329881,White-throated Sparrow,Zonotrichia albicollis,Canada,53.5743,-105.7646,172,John Patterson,https://creativecommons.org/licenses/by-nc-sa/4.0/,data/prototype/raw/White-throated Sparrow/XC329881.mp3,1770.3696573244206,117.1875,0.0,True,185.75963718820532,4.139668078748799
339648,White-throated Sparrow,Zonotrichia albicollis,United States,41.8605,-88.1756,16,Matt Wistrand,https://creativecommons.org/licenses/by-nc-sa/4.0/,data/prototype/raw/White-throated Sparrow/XC339648.mp3,6537.617609071782,132.51201923076923,0.0036127167630057,True,464.3990929705222,0.9959349593495934
339655,White-throated Sparrow,Zonotrichia albicollis,United States,41.8605,-88.1756,68,Matt Wistrand,https://creativecommons.org/licenses/by-nc-sa/4.0/,data/prototype/raw/White-throated Sparrow/XC339655.mp3,9824.795525206511,126.04801829268293,0.0006730607437321,True,1439.6371882086144,0.43484948882998864
340797,White-throated Sparrow,Zonotrichia albicollis,Canada,55.6977,-121.6297,26,Ken Otter,https://creativecommons.org/licenses/by-nc-nd/4.0/,data/prototype/raw/White-throated Sparrow/XC340797.mp3,7531.892905966116,80.74951171875,0.6928571428571428,True,510.83900226757373,0.7691623455788863
340798,White-throated Sparrow,Zonotrichia albicollis,Canada,55.6977,-121.6297,27,Ken Otter,https://creativecommons.org/licenses/by-nc-nd/4.0/,data/prototype/raw/White-throated Sparrow/XC340798.mp3,6983.1898445782335,0.0,0.6786324786324787,False,,
340799,White-throated Sparrow,Zonotrichia albicollis,Canada,55.6977,-121.6297,27,Ken Otter,https://creativecommons.org/licenses/by-nc-nd/4.0/,data/prototype/raw/White-throated Sparrow/XC340799.mp3,7126.682494394067,64.599609375,0.6522108843537415,True,476.0090702947832,0.6958435410870738
372216,White-throated Sparrow,Zonotrichia albicollis,Canada,53.6856,-122.7663,52,Jeff Dyck,https://creativecommons.org/licenses/by-nc-sa/4.0/,data/prototype/raw/White-throated Sparrow/XC372216.mp3,3305.722687264857,132.51201923076923,0.0753091872791519,True,185.75963718820708,4.166026816756763
373304,White-throated Sparrow,Zonotrichia albicollis,Canada,47.657,-70.1522,22,Simon Girard,https://creativecommons.org/licenses/by-nc-sa/4.0/,data/prototype/raw/White-throated Sparrow/XC373304.mp3,3229.8776319682406,99.38401442307692,0.0005154639175257,True,255.4195011337872,1.4210449997583257
435583,White-throated Sparrow,Zonotrichia albicollis,Canada,49.4186,-114.115,35,Asher Warkentin,https://creativecommons.org/licenses/by-nc-sa/4.0/,data/prototype/raw/White-throated Sparrow/XC435583.mp3,3696.616406414148,93.75,0.5310888686684865,True,557.2789115646231,1.4220705346985212
502022,White-throated Sparrow,Zonotrichia albicollis,United States,40.5874,-74.2621,24,William Whitehead,https://creativecommons.org/licenses/by-nc-sa/4.0/,data/prototype/raw/White-throated Sparrow/XC502022.mp3,3019.620613141019,78.125,0.0,True,185.75963718820864,4.349815129334315
566110,White-throated Sparrow,Zonotrichia albicollis,Canada,46.3599,-62.5316,90,Ray Cooke,https://creativecommons.org/licenses/by-nc-sa/4.0/,data/prototype/raw/White-throated Sparrow/XC566110.mp3,1026.6360402202702,148.02631578947367,0.0,True,1184.217687074831,0.42992254944896724
569523,White-throated Sparrow,Zonotrichia albicollis,Canada,47.7482,-52.788,36,Doug Hynes,https://creativecommons.org/licenses/by-sa/4.0/,data/prototype/raw/White-throated Sparrow/XC569523.mp3,2322.5536930440467,122.28260869565216,0.5200117716303708,True,139.31972789115753,5.022672175239707
573785,White-throated Sparrow,Zonotrichia albicollis,Canada,49.418,-114.1266,122,Pat Lucas,https://creativecommons.org/licenses/by-nc-sa/4.0/,data/prototype/raw/White-throated Sparrow/XC573785.mp3,3089.139324366116,144.23076923076923,0.1518998347969741,True,208.9795918367372,1.2065168324145383
598448,White-throated Sparrow,Zonotrichia albicollis,Canada,49.9176,-97.0147,55,Peter Ward and Ken Hall,https://creativecommons.org/licenses/by-nc-sa/4.0/,data/prototype/raw/White-throated Sparrow/XC598448.mp3,5185.687229913634,112.34714673913044,0.4167893961708395,True,139.31972789115665,5.147668087121212
600075,White-throated Sparrow,Zonotrichia albicollis,United States,44.158,-71.694,28,Christopher McPherson,https://creativecommons.org/licenses/by-nc-sa/4.0/,data/prototype/raw/White-throated Sparrow/XC600075.mp3,6112.544225841935,59.840425531914896,0.7174159425765017,True,232.19954648526198,1.9841244335893562
626756,White-throated Sparrow,Zonotrichia albicollis,United States,45.019,-70.8387,48,Sue Riffe,https://creativecommons.org/licenses/by-nc-sa/4.0/,data/prototype/raw/White-throated Sparrow/XC626756.mp3,4152.521435399006,119.6808510638298,0.0723902008386669,True,116.09977324263099,7.738802398581121
638556,White-throated Sparrow,Zonotrichia albicollis,United Kingdom,50.9258,0.0151,116,Frank Lambert,https://creativecommons.org/licenses/by-nc-nd/4.0/,data/prototype/raw/White-throated Sparrow/XC638556.mp3,4643.65139852541,72.78829225352112,0.6159680638722554,True,232.1995464852604,3.000259656411408
638558,White-throated Sparrow,Zonotrichia albicollis,United Kingdom,50.9258,0.0151,17,Frank Lambert,https://creativecommons.org/licenses/by-nc-nd/4.0/,data/prototype/raw/White-throated Sparrow/XC638558.mp3,4242.571982039697,92.28515625,0.3150134048257372,True,441.17913832199554,1.154788838612368
638560,White-throated Sparrow,Zonotrichia albicollis,United Kingdom,50.9258,0.0151,80,Frank Lambert,https://creativecommons.org/licenses/by-nc-nd/4.0/,data/prototype/raw/White-throated Sparrow/XC638560.mp3,4591.10351629171,129.19921875,0.4256639722863741,True,487.61904761904873,1.0692392010392986
692200,White-throated Sparrow,Zonotrichia albicollis,United States,45.21,-71.167,14,Christopher McPherson,https://creativecommons.org/licenses/by-nc-sa/4.0/,data/prototype/raw/White-throated Sparrow/XC692200.mp3,3868.877071214272,59.21052631578947,0.6561324303987961,True,162.53968253968253,4.518052038277941
714082,White-throated Sparrow,Zonotrichia albicollis,United States,47.7003,-122.3091,44,Bruce Lagerquist,https://creativecommons.org/licenses/by-nc-sa/4.0/,data/prototype/raw/White-throated Sparrow/XC714082.mp3,5652.032816812472,114.79591836734694,0.6138095238095238,True,278.63945578231153,2.678725995486863
65059,Indian Cuckoo,Cuculus micropterus,Vietnam,,,22,David Edwards,https://creativecommons.org/licenses/by-nc-nd/2.5/,data/prototype/raw/Indian Cuckoo/XC65059.mp3,2279.0946549885834,125.0,0.5818268315889629,True,208.97959183673544,1.6059950675031816
266180,Indian Cuckoo,Cuculus micropterus,Russian Federation,42.5275,130.692,77,Albert Lastukhin,https://creativecommons.org/licenses/by-nc-sa/4.0/,data/prototype/raw/Indian Cuckoo/XC266180.mp3,5562.276283137128,129.19921875,0.301262778111846,True,708.2086167800466,1.0489787719891746
266181,Indian Cuckoo,Cuculus micropterus,Russian Federation,42.5275,130.692,64,Albert Lastukhin,https://creativecommons.org/licenses/by-nc-sa/4.0/,data/prototype/raw/Indian Cuckoo/XC266181.mp3,5135.301570162284,112.34714673913044,0.0005378271782,True,359.90929705215535,1.7449702501008473
266182,Indian Cuckoo,Cuculus micropterus,Russian Federation,42.5275,130.692,49,Albert Lastukhin,https://creativecommons.org/licenses/by-nc-sa/4.0/,data/prototype/raw/Indian Cuckoo/XC266182.mp3,6125.981711549296,132.51201923076923,0.430873423633816,True,278.63945578231153,1.8506962690488702
266183,Indian Cuckoo,Cuculus micropterus,Russian Federation,42.5275,130.692,17,Albert Lastukhin,https://creativecommons.org/licenses/by-nc-sa/4.0/,data/prototype/raw/Indian Cuckoo/XC266183.mp3,5224.460060387351,114.84375,0.7982860909690178,True,162.5396825396832,4.316580118694362
290497,Indian Cuckoo,Cuculus micropterus,Malaysia,4.386,102.401,14,Peter Boesman,https://creativecommons.org/licenses/by-nc-nd/4.0/,data/prototype/raw/Indian Cuckoo/XC290497.mp3,3152.345367910134,97.50884433962264,0.6059870550161812,True,278.6394557823133,2.370787795992714
342025,Indian Cuckoo,Cuculus micropterus,Russian Federation,42.5275,130.692,24,Albert Lastukhin &amp; Vladimir Sotnikov,https://creativecommons.org/licenses/by-nc-sa/4.0/,data/prototype/raw/Indian Cuckoo/XC342025.mp3,3778.191250275685,112.34714673913044,0.0032987747408105,True,893.9682539682536,0.5277372746553552
342026,Indian Cuckoo,Cuculus micropterus,Russian Federation,42.5275,130.692,35,Albert Lastukhin &amp; Vladimir Sotnikov,https://creativecommons.org/licenses/by-nc-sa/4.0/,data/prototype/raw/Indian Cuckoo/XC342026.mp3,3711.9849078494913,129.19921875,0.5474404955983045,True,243.80952380952436,2.1626238077769626
342027,Indian Cuckoo,Cuculus micropterus,Russian Federation,42.5275,130.692,52,Albert Lastukhin &amp; Vladimir Sotnikov,https://creativecommons.org/licenses/by-nc-sa/4.0/,data/prototype/raw/Indian Cuckoo/XC342027.mp3,3864.507386817576,132.51201923076923,0.6963971880492091,True,255.41950113378675,1.7787629757785466
342028,Indian Cuckoo,Cuculus micropterus,Russian Federation,42.5275,130.692,33,Albert Lastukhin &amp; Vladimir Sotnikov,https://creativecommons.org/licenses/by-nc-sa/4.0/,data/prototype/raw/Indian Cuckoo/XC342028.mp3,4164.442559245016,135.99917763157896,0.1743697478991596,True,3192.7437641723363,0.33183116627265563
342029,Indian Cuckoo,Cuculus micropterus,Russian Federation,42.5275,130.692,25,Albert Lastukhin &amp; Vladimir Sotnikov,https://creativecommons.org/licenses/by-nc-sa/4.0/,data/prototype/raw/Indian Cuckoo/XC342029.mp3,4428.358879816091,143.5546875,0.6090461262875057,True,464.3990929705222,1.0805191532258065
359666,Indian Cuckoo,Cuculus micropterus,Malaysia,5.37,117.42,38,Peter Boesman,https://creativecommons.org/licenses/by-nc-nd/4.0/,data/prototype/raw/Indian Cuckoo/XC359666.mp3,2911.6570621452884,123.046875,0.3799880881477069,True,197.36961451247126,4.02825485924933
359667,Indian Cuckoo,Cuculus micropterus,Malaysia,5.37,117.42,31,Peter Boesman,https://creativecommons.org/licenses/by-nc-nd/4.0/,data/prototype/raw/Indian Cuckoo/XC359667.mp3,4210.63548365189,56.79086538461539,0.5122312824314307,True,208.97959183673365,4.022883653044204
729981,Indian Cuckoo,Cuculus micropterus,China,31.1741,121.4214,11,Ray Tsu 诸仁,https://creativecommons.org/licenses/by-nc-sa/4.0/,data/prototype/raw/Indian Cuckoo/XC729981.mp3,2477.1244399144466,119.6808510638298,0.8252069917203312,True,162.53968253968276,4.14078026947935
813167,Indian Cuckoo,Cuculus micropterus,China,30.8646,121.7081,15,Ray Tsu 诸仁,https://creativecommons.org/licenses/by-nc-sa/4.0/,data/prototype/raw/Indian Cuckoo/XC813167.mp3,3873.274432159886,144.23076923076923,0.8170563961485557,True,208.97959183673365,4.258064516129032
822363,Indian Cuckoo,Cuculus micropterus,China,29.0395,111.7399,23,Geoff Carey,https://creativecommons.org/licenses/by-nc-sa/4.0/,data/prototype/raw/Indian Cuckoo/XC822363.mp3,2061.8687074950385,0.0,0.6344671201814059,False,,
822365,Indian Cuckoo,Cuculus micropterus,China,22.4866,114.0413,20,Geoff Carey,https://creativecommons.org/licenses/by-nc-sa/4.0/,data/prototype/raw/Indian Cuckoo/XC822365.mp3,3248.9535281663434,296.05263157894734,0.721936148300721,True,278.63945578231284,2.1248450496936035
893273,Indian Cuckoo,Cuculus micropterus,Laos,20.6994,102.1122,119,Bram Piot,https://creativecommons.org/licenses/by-nc-sa/4.0/,data/prototype/raw/Indian Cuckoo/XC893273.mp3,1891.2692035491104,18.861199817518248,0.7570374684527277,True,278.63945578231153,2.408122635874975
893275,Indian Cuckoo,Cuculus micropterus,Laos,20.6994,102.1122,71,Bram Piot,https://creativecommons.org/licenses/by-nc-sa/4.0/,data/prototype/raw/Indian Cuckoo/XC893275.mp3,1918.9446657516853,0.0,0.7244667097608274,False,,
895301,Indian Cuckoo,Cuculus micropterus,India,24.5771,93.772,22,R.K. Birjit Singh,https://creativecommons.org/licenses/by-nc-sa/4.0/,data/prototype/raw/Indian Cuckoo/XC895301.mp3,3827.504091450248,139.6748310810811,0.0,True,185.75963718820887,4.523782169117647
901064,Indian Cuckoo,Cuculus micropterus,China,31.1741,121.4214,13,Ray Tsu 诸仁,https://creativecommons.org/licenses/by-nc-sa/4.0/,data/prototype/raw/Indian Cuckoo/XC901064.mp3,3490.92146915331,102.27272727272728,0.0421545667447306,True,208.97959183673544,3.954749718514287
902860,Indian Cuckoo,Cuculus micropterus,Laos,15.5287,107.3418,50,Bram Piot,https://creativecommons.org/licenses/by-nc-sa/4.0/,data/prototype/raw/Indian Cuckoo/XC902860.mp3,5000.086472839654,99.38401442307692,0.6330506532202613,True,232.19954648526198,2.369492117364186
903958,Indian Cuckoo,Cuculus micropterus,Vietnam,16.2435,107.8749,135,Oscar Campbell,https://creativecommons.org/licenses/by-nc-nd/4.0/,data/prototype/raw/Indian Cuckoo/XC903958.mp3,3578.951161882648,132.51201923076923,0.0085543199315654,True,232.19954648526908,2.910460180019301
910588,Indian Cuckoo,Cuculus micropterus,China,30.5239,120.9535,26,小菜鸟,https://creativecommons.org/licenses/by-nc-sa/4.0/,data/prototype/raw/Indian Cuckoo/XC910588.mp3,3126.699995450141,117.45383522727272,0.1060672195547795,True,162.5396825396823,4.098876473477407
910590,Indian Cuckoo,Cuculus micropterus,China,30.5471,120.9605,48,小菜鸟,https://creativecommons.org/licenses/by-nc-sa/4.0/,data/prototype/raw/Indian Cuckoo/XC910590.mp3,2973.6625679653616,120.18531976744184,0.0040380047505938,True,232.19954648526152,2.107412479957242
917054,Indian Cuckoo,Cuculus micropterus,China,39.9674,116.9715,10,鸟叔叔丹大爷,https://creativecommons.org/licenses/by-nc-sa/4.0/,data/prototype/raw/Indian Cuckoo/XC917054.mp3,2009.0593100994352,120.18531976744184,0.6960556844547564,True,255.41950113378675,1.6
919658,Indian Cuckoo,Cuculus micropterus,Malaysia,4.39,102.4,33,Greg Irving,https://creativecommons.org/licenses/by-nc-sa/4.0/,data/prototype/raw/Indian Cuckoo/XC919658.mp3,4019.330302996552,108.17307692307692,0.4179340937896071,True,267.0294784580509,2.941509380571041
982884,Indian Cuckoo,Cuculus micropterus,Malaysia,4.39,102.4,24,Brian Cox,https://creativecommons.org/licenses/by-nc-sa/4.0/,data/prototype/raw/Indian Cuckoo/XC982884.mp3,6490.702868262938,139.6748310810811,0.0,True,208.9795918367341,4.248888739224138
998539,Indian Cuckoo,Cuculus micropterus,China,30.2648,120.1084,49,Lucas-Chen,https://creativecommons.org/licenses/by-nc-sa/4.0/,data/prototype/raw/Indian Cuckoo/XC998539.mp3,4726.491622632189,130.8139534883721,0.0,True,185.75963718820887,4.604903543546598
999531,Indian Cuckoo,Cuculus micropterus,China,30.5501,120.9635,25,小菜鸟,https://creativecommons.org/licenses/by-nc-sa/4.0/,data/prototype/raw/Indian Cuckoo/XC999531.mp3,2708.132085542836,135.99917763157896,0.0017937219730941,True,255.41950113378675,2.549508072653885
999813,Indian Cuckoo,Cuculus micropterus,China,30.2564,120.0318,13,Penghui Lou,https://creativecommons.org/licenses/by-nc-sa/4.0/,data/prototype/raw/Indian Cuckoo/XC999813.mp3,2822.450285125287,108.17307692307692,0.0140515222482435,True,5317.369614512471,0.29291134616342596
1061156,Indian Cuckoo,Cuculus micropterus,Malaysia,1.607,110.1901,17,Marc Anderson,https://creativecommons.org/licenses/by-nc-nd/4.0/,data/prototype/raw/Indian Cuckoo/XC1061156.mp3,3597.519529968491,119.6808510638298,0.0897666068222621,True,208.97959183673476,3.816267367783414
1101770,Indian Cuckoo,Cuculus micropterus,China,31.2159,121.5547,72,Bo Shunqi 薄顺奇,https://creativecommons.org/licenses/by-nc-sa/4.0/,data/prototype/raw/Indian Cuckoo/XC1101770.mp3,4746.265312593414,127.8409090909091,0.0535319274443297,True,232.1995464852593,3.6086365742642172
1135258,Indian Cuckoo,Cuculus micropterus,China,30.2806,120.0703,14,wu555,https://creativecommons.org/licenses/by-nc-sa/4.0/,data/prototype/raw/Indian Cuckoo/XC1135258.mp3,2952.205736821541,156.60511363636363,0.0,True,197.36961451247126,4.616877455162522
1136972,Indian Cuckoo,Cuculus micropterus,China,30.8625,121.7032,22,Bo Shunqi 薄顺奇,https://creativecommons.org/licenses/by-nc-sa/4.0/,data/prototype/raw/Indian Cuckoo/XC1136972.mp3,3697.709098262936,119.6808510638298,0.5714971209213052,True,255.41950113378675,2.6096751220766397
20432,Scarlet Tanager,Piranga olivacea,United States,35.2176,-85.922,42,Chris Parrish,https://creativecommons.org/licenses/by-nc-nd/2.5/,data/prototype/raw/Scarlet Tanager/XC20432.mp3,3524.400094684845,147.65625,0.6,True,325.07936507936284,2.200917652740884
21057,Scarlet Tanager,Piranga olivacea,United States,40.00276,-105.28749,14,Andrew Spencer,https://creativecommons.org/licenses/by-nc-nd/2.5/,data/prototype/raw/Scarlet Tanager/XC21057.mp3,5208.793971580752,18.50328947368421,0.6373959121877366,True,197.3696145124718,3.3361661854037297
33591,Scarlet Tanager,Piranga olivacea,United States,36.0403,-93.3406,57,Andrew Spencer,https://creativecommons.org/licenses/by-nc-nd/2.5/,data/prototype/raw/Scarlet Tanager/XC33591.mp3,5182.101566558745,117.1875,0.870151459179904,True,301.85941043083983,1.523966900607576
48266,Scarlet Tanager,Piranga olivacea,United States,39.557,-79.6789,46,Tayler Brooks,https://creativecommons.org/licenses/by-nc-nd/2.5/,data/prototype/raw/Scarlet Tanager/XC48266.mp3,3738.9236557721433,129.19921875,0.7516081147946561,True,278.6394557823133,2.5577672605790647
82119,Scarlet Tanager,Piranga olivacea,United States,35.7143,-83.8427,84,Mike Nelson,https://creativecommons.org/licenses/by-nc-nd/2.5/,data/prototype/raw/Scarlet Tanager/XC82119.mp3,2646.964502840775,117.45383522727272,0.000546597430992,True,580.498866213152,1.2242466174661748
100581,Scarlet Tanager,Piranga olivacea,United States,35.7143,-83.8427,36,Mike Nelson,https://creativecommons.org/licenses/by-nc-nd/2.5/,data/prototype/raw/Scarlet Tanager/XC100581.mp3,4235.503935436812,139.6748310810811,0.0556628056628056,True,719.8185941043107,0.8315984793627806
101628,Scarlet Tanager,Piranga olivacea,United States,40.965,-74.479,70,Daniel Lane,https://creativecommons.org/licenses/by-nc-nd/2.5/,data/prototype/raw/Scarlet Tanager/XC101628.mp3,4106.8107818801545,107.666015625,0.0729663105998356,True,673.3786848072541,0.6512342825443788
101748,Scarlet Tanager,Piranga olivacea,United States,36.0008,-83.9462,35,Mike Nelson,https://creativecommons.org/licenses/by-nc-nd/2.5/,data/prototype/raw/Scarlet Tanager/XC101748.mp3,2227.9373157121227,135.99917763157896,0.0078947368421052,True,371.51927437641774,1.4167746113989639
101898,Scarlet Tanager,Piranga olivacea,United States,41.234,-74.84,29,Daniel Lane,https://creativecommons.org/licenses/by-nc-nd/2.5/,data/prototype/raw/Scarlet Tanager/XC101898.mp3,5720.731314527961,112.34714673913044,0.24551831644583,True,394.7392290249425,1.9812225877192984
179310,Scarlet Tanager,Piranga olivacea,Canada,45.024,-73.075,38,Martin St-Michel,https://creativecommons.org/licenses/by-nc-sa/4.0/,data/prototype/raw/Scarlet Tanager/XC179310.mp3,5032.497279804596,161.4990234375,0.7339504329650642,True,232.19954648525487,3.344464045698925
179318,Scarlet Tanager,Piranga olivacea,Canada,45.024,-73.075,93,Martin St-Michel,https://creativecommons.org/licenses/by-nc-sa/4.0/,data/prototype/raw/Scarlet Tanager/XC179318.mp3,6291.077089782751,151.99908088235293,0.8480228089748357,True,278.63945578231153,1.9007147838214784
179560,Scarlet Tanager,Piranga olivacea,United States,40.1113,-75.071,56,Paul Driver,https://creativecommons.org/licenses/by-nc-sa/4.0/,data/prototype/raw/Scarlet Tanager/XC179560.mp3,4795.5731563273,114.84375,0.4456211812627291,True,208.9795918367372,3.368469294225481
179639,Scarlet Tanager,Piranga olivacea,Canada,45.0287,-72.9243,47,Martin St-Michel,https://creativecommons.org/licenses/by-nc-sa/4.0/,data/prototype/raw/Scarlet Tanager/XC179639.mp3,6506.816400281759,126.04801829268293,0.7912894543675068,True,232.1995464852611,1.7707186123348018
179968,Scarlet Tanager,Piranga olivacea,Canada,45.0509,-72.8358,102,Martin St-Michel,https://creativecommons.org/licenses/by-nc-sa/4.0/,data/prototype/raw/Scarlet Tanager/XC179968.mp3,5362.994686488391,80.74951171875,0.803870529651426,True,162.53968253968765,4.581662210338681
192714,Scarlet Tanager,Piranga olivacea,United States,37.2078,-86.1386,160,Paul Marvin,https://creativecommons.org/licenses/by-nc-sa/4.0/,data/prototype/raw/Scarlet Tanager/XC192714.mp3,7015.235512226698,130.8139534883721,0.7292370915357592,True,185.7596371881982,4.697986577181209
285066,Scarlet Tanager,Piranga olivacea,United States,35.6345,-83.7324,131,Paul Marvin,https://creativecommons.org/licenses/by-nc-sa/4.0/,data/prototype/raw/Scarlet Tanager/XC285066.mp3,6891.299109638605,133.92857142857142,0.8503406878650227,True,278.63945578231153,2.5095818674130976
316459,Scarlet Tanager,Piranga olivacea,United States,41.8605,-88.1756,80,Matt Wistrand,https://creativecommons.org/licenses/by-nc-sa/4.0/,data/prototype/raw/Scarlet Tanager/XC316459.mp3,5953.100954893586,112.34714673913044,0.3658641444539983,True,510.8390022675735,0.6172404063205417
372787,Scarlet Tanager,Piranga olivacea,United States,34.2901,-87.2562,131,Scott Gravette,https://creativecommons.org/licenses/by-nc-sa/4.0/,data/prototype/raw/Scarlet Tanager/XC372787.mp3,3633.0888214819342,132.51201923076923,0.7334156669019054,True,301.8594104308363,2.38592943628424
377728,Scarlet Tanager,Piranga olivacea,United States,41.0293,-75.6767,28,William Whitehead,https://creativecommons.org/licenses/by-nc-sa/4.0/,data/prototype/raw/Scarlet Tanager/XC377728.mp3,4183.476080513228,125.0,0.2390099741411156,True,325.0793650793646,1.5935535159355352
420560,Scarlet Tanager,Piranga olivacea,United States,42.7533,-83.3045,90,Bruce Lagerquist,https://creativecommons.org/licenses/by-nc-sa/4.0/,data/prototype/raw/Scarlet Tanager/XC420560.mp3,6625.377605708847,123.046875,0.51862833569679,True,441.17913832199565,1.399094765593841
420841,Scarlet Tanager,Piranga olivacea,United States,42.4988,-76.7892,59,Meena Haribal,https://creativecommons.org/licenses/by-nc-sa/4.0/,data/prototype/raw/Scarlet Tanager/XC420841.mp3,4308.658767311831,139.6748310810811,0.8907432563555211,True,464.3990929705215,0.3343340611353712
444967,Scarlet Tanager,Piranga olivacea,United States,42.7611,-71.4908,62,Christopher McPherson,https://creativecommons.org/licenses/by-nc-sa/4.0/,data/prototype/raw/Scarlet Tanager/XC444967.mp3,8812.009939064048,122.28260869565216,0.7804421768707483,True,394.7392290249425,0.8291871564940699
493567,Scarlet Tanager,Piranga olivacea,United States,42.9525,-85.3094,48,Sue Riffe,https://creativecommons.org/licenses/by-nc-sa/4.0/,data/prototype/raw/Scarlet Tanager/XC493567.mp3,5742.461463114854,110.29411764705884,0.1165347405452946,True,162.5396825396823,5.13298387028919
551316,Scarlet Tanager,Piranga olivacea,United States,31.9237,-81.0559,42,Russ Wigh,https://creativecommons.org/licenses/by-nc-sa/4.0/,data/prototype/raw/Scarlet Tanager/XC551316.mp3,3774.643516398746,96.98275862068964,0.6724181679776706,True,185.75963718820694,4.496450809262962
554000,Scarlet Tanager,Piranga olivacea,United States,40.4355,-79.9076,59,Aidan Place,https://creativecommons.org/licenses/by-nc-sa/4.0/,data/prototype/raw/Scarlet Tanager/XC554000.mp3,5547.857380808665,143.5546875,0.0120411730433093,True,278.63945578231284,2.978119935170178
554900,Scarlet Tanager,Piranga olivacea,United States,35.8822,-79.026,13,Jin Bai,https://creativecommons.org/licenses/by-nc-sa/4.0/,data/prototype/raw/Scarlet Tanager/XC554900.mp3,4226.126965124984,120.18531976744184,0.0035523978685612,True,1137.7777777777787,0.3828125
558905,Scarlet Tanager,Piranga olivacea,United States,40.6052,-74.2495,60,William Whitehead,https://creativecommons.org/licenses/by-nc-sa/4.0/,data/prototype/raw/Scarlet Tanager/XC558905.mp3,5259.255296264485,160.71428571428572,0.010653409090909,True,11772.517006802722,0.06658528465209189
561387,Scarlet Tanager,Piranga olivacea,United States,42.4737,-76.8069,52,Meena Haribal,https://creativecommons.org/licenses/by-nc-sa/4.0/,data/prototype/raw/Scarlet Tanager/XC561387.mp3,5324.22656710646,107.666015625,0.0224719101123595,True,580.4988662131514,1.4993647744174516
561389,Scarlet Tanager,Piranga olivacea,United States,42.4737,-76.8069,44,Meena Haribal,https://creativecommons.org/licenses/by-nc-sa/4.0/,data/prototype/raw/Scarlet Tanager/XC561389.mp3,4379.412785695887,103.359375,0.0007727975270479,True,626.9387755102046,1.2871376811594202
572254,Scarlet Tanager,Piranga olivacea,Canada,43.2294,-80.0101,17,David Welch,https://creativecommons.org/licenses/by-nc-sa/4.0/,data/prototype/raw/Scarlet Tanager/XC572254.mp3,3360.238904884553,152.02702702702703,0.24,True,232.1995464852604,4.043591965173204
572720,Scarlet Tanager,Piranga olivacea,United States,44.8349,-93.374,45,Michael Hurben,https://creativecommons.org/licenses/by-nc-sa/4.0/,data/prototype/raw/Scarlet Tanager/XC572720.mp3,1773.7956679939705,132.51201923076923,0.0,True,325.0793650793646,2.596616351783466
579106,Scarlet Tanager,Piranga olivacea,Canada,43.238,-79.9812,37,David Welch,https://creativecommons.org/licenses/by-nc-sa/4.0/,data/prototype/raw/Scarlet Tanager/XC579106.mp3,3281.794625902809,70.3125,0.7234644777809227,True,394.73922902494337,1.4065817409766455
599849,Scarlet Tanager,Piranga olivacea,United States,42.7463,-71.7074,65,Christopher McPherson,https://creativecommons.org/licenses/by-nc-sa/4.0/,data/prototype/raw/Scarlet Tanager/XC599849.mp3,3985.6899304481167,140.625,0.8002944062806673,True,255.41950113378675,1.3801981726718675
599850,Scarlet Tanager,Piranga olivacea,United States,42.7463,-71.7074,70,Christopher McPherson,https://creativecommons.org/licenses/by-nc-sa/4.0/,data/prototype/raw/Scarlet Tanager/XC599850.mp3,2592.40795939924,114.79591836734694,0.883373934226553,True,208.9795918367372,1.7557380392106092
602551,Scarlet Tanager,Piranga olivacea,United States,42.7463,-71.7074,153,Christopher McPherson,https://creativecommons.org/licenses/by-nc-sa/4.0/,data/prototype/raw/Scarlet Tanager/XC602551.mp3,7042.514915653744,119.6808510638298,0.8933074684772065,True,255.41950113378675,1.7472070667705897
602553,Scarlet Tanager,Piranga olivacea,United States,42.7213,-71.6514,70,Christopher McPherson,https://creativecommons.org/licenses/by-nc-sa/4.0/,data/prototype/raw/Scarlet Tanager/XC602553.mp3,5605.984317830033,102.27272727272728,0.894183922046285,True,394.7392290249354,2.283886880273963
602554,Scarlet Tanager,Piranga olivacea,United States,42.7463,-71.7074,73,Christopher McPherson,https://creativecommons.org/licenses/by-nc-sa/4.0/,data/prototype/raw/Scarlet Tanager/XC602554.mp3,4419.594755209215,152.02702702702703,0.7638103523270987,True,278.63945578231153,1.4002175095160412
648449,Scarlet Tanager,Piranga olivacea,Canada,43.6701,-79.4243,87,Thomas Ryder Payne,https://creativecommons.org/licenses/by-nc-sa/4.0/,data/prototype/raw/Scarlet Tanager/XC648449.mp3,4355.282011488605,133.92857142857142,0.7310924369747899,True,278.63945578231153,1.8384372985191724
654865,Scarlet Tanager,Piranga olivacea,United States,42.0352,-72.7431,53,Jorge de Leon Cardozo &amp; Susan Hochgraf,https://creativecommons.org/licenses/by-nc-sa/4.0/,data/prototype/raw/Scarlet Tanager/XC654865.mp3,2371.4784148475583,119.6808510638298,0.0001977848101265,True,2089.795918367347,0.22251880182959904
691896,Scarlet Tanager,Piranga olivacea,United States,42.7463,-71.7074,106,Christopher McPherson,https://creativecommons.org/licenses/by-nc-sa/4.0/,data/prototype/raw/Scarlet Tanager/XC691896.mp3,3653.509421412341,127.8409090909091,0.8302,True,208.9795918367372,3.028377364780398
691898,Scarlet Tanager,Piranga olivacea,United States,42.7348,-71.6067,30,Christopher McPherson,https://creativecommons.org/licenses/by-nc-sa/4.0/,data/prototype/raw/Scarlet Tanager/XC691898.mp3,2941.243799637481,140.625,0.8546036260220405,True,208.97959183673365,1.5333333333333334
691899,Scarlet Tanager,Piranga olivacea,United States,42.7463,-71.7074,36,Christopher McPherson,https://creativecommons.org/licenses/by-nc-sa/4.0/,data/prototype/raw/Scarlet Tanager/XC691899.mp3,4063.280027771042,102.27272727272728,0.8407364114552893,True,197.36961451246947,2.767119849507844
795438,Scarlet Tanager,Piranga olivacea,United States,36.061,-79.1467,27,steve,https://creativecommons.org/licenses/by-sa/4.0/,data/prototype/raw/Scarlet Tanager/XC795438.mp3,5800.263567406951,112.34714673913044,0.786203941730934,True,232.19954648526198,3.654035433070866
795439,Scarlet Tanager,Piranga olivacea,United States,36.061,-79.1467,17,steve,https://creativecommons.org/licenses/by-sa/4.0/,data/prototype/raw/Scarlet Tanager/XC795439.mp3,5724.741508297649,120.18531976744184,0.6767015706806283,True,208.97959183673544,3.2699909486527807
827062,Scarlet Tanager,Piranga olivacea,United States,37.784,-83.6327,129,Richard E. Webster,https://creativecommons.org/licenses/by-nc-sa/4.0/,data/prototype/raw/Scarlet Tanager/XC827062.mp3,4779.096999242421,110.29411764705884,0.556230504022328,True,429.5691609977332,1.9778966726688074
827065,Scarlet Tanager,Piranga olivacea,United States,44.2588,-83.4423,102,Richard E. Webster,https://creativecommons.org/licenses/by-nc-sa/4.0/,data/prototype/raw/Scarlet Tanager/XC827065.mp3,4689.992516935107,76.01351351351352,0.8767294288983668,True,348.29931972788586,1.745864080968071
856991,Scarlet Tanager,Piranga olivacea,United States,38.7058,-78.5664,41,Thomas Magarian,https://creativecommons.org/licenses/by-nc-sa/4.0/,data/prototype/raw/Scarlet Tanager/XC856991.mp3,9398.298350192066,137.33231707317074,0.7397013388259527,True,162.53968253968054,5.363940591325386
856992,Scarlet Tanager,Piranga olivacea,United States,38.6088,-78.5524,27,Thomas Magarian,https://creativecommons.org/licenses/by-nc-sa/4.0/,data/prototype/raw/Scarlet Tanager/XC856992.mp3,11980.6977922784,132.35294117647058,0.3787555727854235,False,,
856993,Scarlet Tanager,Piranga olivacea,United States,38.6088,-78.5524,70,Thomas Magarian,https://creativecommons.org/licenses/by-nc-sa/4.0/,data/prototype/raw/Scarlet Tanager/XC856993.mp3,15101.58526772996,118.42105263157896,0.548117469879518,False,,
860752,Scarlet Tanager,Piranga olivacea,United States,43.9367,-90.0095,62,Sue Riffe,https://creativecommons.org/licenses/by-nc-sa/4.0/,data/prototype/raw/Scarlet Tanager/XC860752.mp3,5235.680839509929,123.046875,0.0207215541165587,True,777.8684807256227,0.8128203793812286
14092,Western Tanager,Piranga ludoviciana,United States,37.3484,-108.9823,29,Andrew Spencer,https://creativecommons.org/licenses/by-nc-nd/2.5/,data/prototype/raw/Western Tanager/XC14092.mp3,3873.54300517158,135.99917763157896,0.3998422712933754,True,464.3990929705204,0.8152173913043478
14093,Western Tanager,Piranga ludoviciana,United States,40.112,-107.2956,64,Andrew Spencer,https://creativecommons.org/licenses/by-nc-nd/2.5/,data/prototype/raw/Western Tanager/XC14093.mp3,6600.556605687133,178.20581896551724,0.8286744815148782,True,348.2993197278903,1.724520596590909
21763,Western Tanager,Piranga ludoviciana,United States,37.8328,-119.4909,71,Chris Parrish,https://creativecommons.org/licenses/by-nc-nd/2.5/,data/prototype/raw/Western Tanager/XC21763.mp3,3591.8375922753994,117.45383522727272,0.8911322888063318,True,394.7392290249425,0.626092388458068
107852,Western Tanager,Piranga ludoviciana,United States,47.299,-120.629,72,Jelmer Poelstra,https://creativecommons.org/licenses/by-nc-nd/2.5/,data/prototype/raw/Western Tanager/XC107852.mp3,3502.570491507989,117.1875,0.749780316344464,True,208.97959183673365,3.5151302294474354
113834,Western Tanager,Piranga ludoviciana,United States,39.6787,-120.3142,98,Eric DeFonso,https://creativecommons.org/licenses/by-nc-sa/3.0/,data/prototype/raw/Western Tanager/XC113834.mp3,2181.937411973111,125.0,0.0056393015941871,True,417.9591836734673,1.057426191817812
131565,Western Tanager,Piranga ludoviciana,United States,39.6788,-120.3144,97,Eric DeFonso,https://creativecommons.org/licenses/by-nc-sa/3.0/,data/prototype/raw/Western Tanager/XC131565.mp3,3040.2000275534647,119.6808510638298,0.0783435314685314,True,208.9795918367372,3.390808896462684
149593,Western Tanager,Piranga ludoviciana,United States,39.6071,-120.4803,119,Thomas G. Graves,https://creativecommons.org/licenses/by-nc-sa/3.0/,data/prototype/raw/Western Tanager/XC149593.mp3,6237.541462484135,102.27272727272728,0.4656563845050215,True,208.9795918367301,2.5892783274041298
181480,Western Tanager,Piranga ludoviciana,Canada,54.8338,-111.9762,40,Randy Dzenkiw,https://creativecommons.org/licenses/by-nc-sa/4.0/,data/prototype/raw/Western Tanager/XC181480.mp3,4250.629352152042,152.02702702702703,0.8703851261620186,True,255.41950113378675,0.7471604514362649
188830,Western Tanager,Piranga ludoviciana,Canada,58.9758,-123.1714,156,Richard E. Webster,https://creativecommons.org/licenses/by-nc-sa/4.0/,data/prototype/raw/Western Tanager/XC188830.mp3,5171.304733268827,42.016006097560975,0.7534997407599437,True,232.19954648526908,1.971484375
190054,Western Tanager,Piranga ludoviciana,Canada,56.327,-120.9521,105,Richard E. Webster,https://creativecommons.org/licenses/by-nc-sa/4.0/,data/prototype/raw/Western Tanager/XC190054.mp3,5005.968241267891,151.99908088235293,0.721878453038674,True,371.5192743764213,1.0945658254599702
190055,Western Tanager,Piranga ludoviciana,Canada,56.327,-120.9521,125,Richard E. Webster,https://creativecommons.org/licenses/by-nc-sa/4.0/,data/prototype/raw/Western Tanager/XC190055.mp3,5764.1757240564175,75.99954044117646,0.6263726123465904,True,185.75963718821242,3.2033521075581395
191059,Western Tanager,Piranga ludoviciana,Canada,55.5335,-123.3023,112,Richard E. Webster,https://creativecommons.org/licenses/by-nc-sa/4.0/,data/prototype/raw/Western Tanager/XC191059.mp3,6101.745644050475,109.9567819148936,0.8462330177027584,True,568.888888888894,0.8776849814729041
192752,Western Tanager,Piranga ludoviciana,United States,48.2053,-115.4745,159,Paul Marvin,https://creativecommons.org/licenses/by-nc-sa/4.0/,data/prototype/raw/Western Tanager/XC192752.mp3,7118.367439715365,122.28260869565216,0.7637314734088928,True,162.53968253968765,4.294300356799768
293659,Western Tanager,Piranga ludoviciana,United States,43.6574,-110.7964,136,Paul Marvin,https://creativecommons.org/licenses/by-nc-sa/4.0/,data/prototype/raw/Western Tanager/XC293659.mp3,4055.0895256902713,152.02702702702703,0.5947170990934667,True,255.41950113378675,2.0148287408030607
319003,Western Tanager,Piranga ludoviciana,United States,40.0028,-105.2875,36,Ted Floyd,https://creativecommons.org/licenses/by-nc-sa/4.0/,data/prototype/raw/Western Tanager/XC319003.mp3,9122.521815047134,156.60511363636363,0.8916083916083916,True,499.2290249433138,1.232053123870851
320546,Western Tanager,Piranga ludoviciana,United States,40.4872,-105.2415,26,Nick Komar,https://creativecommons.org/licenses/by-nc-sa/4.0/,data/prototype/raw/Western Tanager/XC320546.mp3,3718.152936077867,135.99917763157896,0.0,True,185.75963718820887,3.351990049751244
323201,Western Tanager,Piranga ludoviciana,United States,31.872,-109.235,120,Richard E. Webster,https://creativecommons.org/licenses/by-nc-sa/4.0/,data/prototype/raw/Western Tanager/XC323201.mp3,3998.347271893653,60.09265988372093,0.9220055710306406,False,,
323204,Western Tanager,Piranga ludoviciana,United States,32.6531,-109.8576,133,Richard E. Webster,https://creativecommons.org/licenses/by-nc-sa/4.0/,data/prototype/raw/Western Tanager/XC323204.mp3,4585.909886869792,117.45383522727272,0.4961199755863632,True,232.1995464852602,3.004218167549539
325474,Western Tanager,Piranga ludoviciana,United States,37.6011,-104.7851,37,Sue Riffe,https://creativecommons.org/licenses/by-nc-sa/4.0/,data/prototype/raw/Western Tanager/XC325474.mp3,4108.839748716053,119.6808510638298,0.00477930840596,True,255.4195011337868,3.137161364834668
369965,Western Tanager,Piranga ludoviciana,United States,37.6994,-108.1782,158,Eric DeFonso,https://creativecommons.org/licenses/by-nc-sa/4.0/,data/prototype/raw/Western Tanager/XC369965.mp3,1624.482834757434,98.6842105263158,6.740815638692282e-05,True,487.61904761904873,0.5245461757699019
373824,Western Tanager,Piranga ludoviciana,United States,47.3483,-120.6754,74,Bruce Lagerquist,https://creativecommons.org/licenses/by-nc-sa/4.0/,data/prototype/raw/Western Tanager/XC373824.mp3,5180.7723571032775,123.046875,0.3003731343283582,True,371.51927437641774,1.8348827250667388
378426,Western Tanager,Piranga ludoviciana,United States,39.6788,-120.3144,42,Jeremy Minns,https://creativecommons.org/licenses/by-nc-sa/4.0/,data/prototype/raw/Western Tanager/XC378426.mp3,5369.645854826291,129.19921875,0.5643618474993167,True,557.2789115646266,0.9888145756457565
381710,Western Tanager,Piranga ludoviciana,United States,39.6788,-120.3144,34,Jeremy Minns,https://creativecommons.org/licenses/by-nc-sa/4.0/,data/prototype/raw/Western Tanager/XC381710.mp3,4673.634888850493,126.04801829268293,0.904507512520868,False,,
424518,Western Tanager,Piranga ludoviciana,United States,39.9325,-105.2769,50,Ted Floyd,https://creativecommons.org/licenses/by-nc-sa/4.0/,data/prototype/raw/Western Tanager/XC424518.mp3,4400.18597905267,87.5926906779661,0.702715247157113,True,208.9795918367372,3.118404734448772
441368,Western Tanager,Piranga ludoviciana,United States,44.4707,-121.3932,44,Thomas Magarian,https://creativecommons.org/licenses/by-nc-sa/4.0/,data/prototype/raw/Western Tanager/XC441368.mp3,6513.601357573073,165.44117647058823,0.8191208263271679,True,394.7392290249425,1.5315315315315317
441369,Western Tanager,Piranga ludoviciana,United States,45.4064,-121.5748,29,Thomas Magarian,https://creativecommons.org/licenses/by-nc-sa/4.0/,data/prototype/raw/Western Tanager/XC441369.mp3,4905.361667401297,112.34714673913044,0.8821928460342147,True,441.17913832199565,1.6076115485564304
475282,Western Tanager,Piranga ludoviciana,United States,39.0733,-119.4547,70,Bobby Wilcox,https://creativecommons.org/licenses/by-nc-sa/4.0/,data/prototype/raw/Western Tanager/XC475282.mp3,8029.261829174759,112.5,0.8310220078384082,True,278.63945578231153,1.5264582246317822
483718,Western Tanager,Piranga ludoviciana,United States,38.7985,-120.3483,71,Ed Pandolfino,https://creativecommons.org/licenses/by-nc-sa/4.0/,data/prototype/raw/Western Tanager/XC483718.mp3,3364.747147449594,89.10290948275862,0.5835081491044054,True,789.4784580498886,1.1815200617283952
489340,Western Tanager,Piranga ludoviciana,Canada,49.2544,-121.6144,31,Sunny,https://creativecommons.org/licenses/by-nc-sa/4.0/,data/prototype/raw/Western Tanager/XC489340.mp3,3870.155960309918,119.6808510638298,0.0087219054008721,True,185.75963718820876,4.623788900681297
489341,Western Tanager,Piranga ludoviciana,Canada,49.2544,-121.6144,67,Sunny,https://creativecommons.org/licenses/by-nc-sa/4.0/,data/prototype/raw/Western Tanager/XC489341.mp3,3084.8184245285506,114.79591836734694,0.8694212269358146,True,417.95918367346906,1.0941753953033004
494384,Western Tanager,Piranga ludoviciana,United States,37.1534,-105.0039,13,Sue Riffe,https://creativecommons.org/licenses/by-nc-sa/4.0/,data/prototype/raw/Western Tanager/XC494384.mp3,5855.108648108489,108.17307692307692,0.0419906687402799,True,162.5396825396823,5.251389256417041
494385,Western Tanager,Piranga ludoviciana,United States,37.1534,-105.0039,45,Sue Riffe,https://creativecommons.org/licenses/by-nc-sa/4.0/,data/prototype/raw/Western Tanager/XC494385.mp3,7974.05992200514,93.75,0.031095406360424,True,325.0793650793646,2.3855556379212586
537678,Western Tanager,Piranga ludoviciana,United States,37.0743,-104.9069,30,Sue Riffe,https://creativecommons.org/licenses/by-nc-sa/4.0/,data/prototype/raw/Western Tanager/XC537678.mp3,7584.245864477965,106.13207547169812,0.7734402230742419,True,232.19954648526064,1.9607407242736146
537679,Western Tanager,Piranga ludoviciana,United States,37.0743,-104.9069,44,Sue Riffe,https://creativecommons.org/licenses/by-nc-sa/4.0/,data/prototype/raw/Western Tanager/XC537679.mp3,7087.429799841779,130.8139534883721,0.0225290697674418,True,429.56916099773235,1.7036621912160568
558376,Western Tanager,Piranga ludoviciana,United States,46.097,-121.4642,37,Steve Hampton,https://creativecommons.org/licenses/by-nc-sa/4.0/,data/prototype/raw/Western Tanager/XC558376.mp3,2176.2998220887807,99.38401442307692,0.4094586185438705,True,301.8594104308376,2.5997586029602133
592856,Western Tanager,Piranga ludoviciana,United States,48.8337,-119.8346,85,Bruce Lagerquist,https://creativecommons.org/licenses/by-nc-sa/4.0/,data/prototype/raw/Western Tanager/XC592856.mp3,6509.878382276618,114.79591836734694,0.4235176880916791,True,255.41950113378675,1.98530813719467
592858,Western Tanager,Piranga ludoviciana,United States,48.8337,-119.8346,75,Bruce Lagerquist,https://creativecommons.org/licenses/by-nc-sa/4.0/,data/prototype/raw/Western Tanager/XC592858.mp3,7527.399785904397,125.0,0.5911547212741752,True,232.1995464852602,2.6933333333333334
596704,Western Tanager,Piranga ludoviciana,Canada,50.9518,-122.7729,76,Peter Ward and Ken Hall,https://creativecommons.org/licenses/by-nc-sa/4.0/,data/prototype/raw/Western Tanager/XC596704.mp3,3790.912378366188,123.046875,0.1329981718464351,True,185.75963718821242,3.1233930407953374
596722,Western Tanager,Piranga ludoviciana,Canada,50.9477,-122.7741,76,Peter Ward and Ken Hall,https://creativecommons.org/licenses/by-nc-sa/4.0/,data/prototype/raw/Western Tanager/XC596722.mp3,3790.912378366188,123.046875,0.1329981718464351,True,185.75963718821242,3.1233930407953374
611975,Western Tanager,Piranga ludoviciana,United States,32.6405,-109.8255,107,Richard E. Webster,https://creativecommons.org/licenses/by-nc-sa/4.0/,data/prototype/raw/Western Tanager/XC611975.mp3,4444.81843886299,69.44444444444444,0.8692758517929869,True,510.8390022675735,0.9313067310457962
649393,Western Tanager,Piranga ludoviciana,United States,48.0568,-122.8332,74,Steve Hampton,https://creativecommons.org/licenses/by-nc-sa/4.0/,data/prototype/raw/Western Tanager/XC649393.mp3,5584.640272233378,123.046875,0.5356368143786799,True,208.9795918367372,3.803581058629349
651609,Western Tanager,Piranga ludoviciana,United States,31.429,-110.288,48,Bobby Wilcox,https://creativecommons.org/licenses/by-nc-sa/4.0/,data/prototype/raw/Western Tanager/XC651609.mp3,4406.779448597619,112.5,0.5565121412803532,True,313.4693877551031,1.2626257885250824
678810,Western Tanager,Piranga ludoviciana,United States,33.639,-109.3221,165,Richard E. Webster,https://creativecommons.org/licenses/by-nc-sa/4.0/,data/prototype/raw/Western Tanager/XC678810.mp3,4165.33277768724,90.7258064516129,0.774668725073974,True,313.4693877551027,1.839388136948228
678811,Western Tanager,Piranga ludoviciana,United States,33.639,-109.3221,82,Richard E. Webster,https://creativecommons.org/licenses/by-nc-sa/4.0/,data/prototype/raw/Western Tanager/XC678811.mp3,5197.207686276868,54.08653846153846,0.8244078269824923,True,534.0589569160998,1.1708184644287631
737536,Western Tanager,Piranga ludoviciana,United States,38.5359,-120.304,86,Paul Marvin,https://creativecommons.org/licenses/by-nc-sa/4.0/,data/prototype/raw/Western Tanager/XC737536.mp3,12660.262873840647,110.29411764705884,0.863251013638039,False,,
744258,Western Tanager,Piranga ludoviciana,United States,38.5359,-120.304,75,Paul Marvin,https://creativecommons.org/licenses/by-nc-sa/4.0/,data/prototype/raw/Western Tanager/XC744258.mp3,11711.419674503615,125.0,0.8926947129050596,False,,
776919,Western Tanager,Piranga ludoviciana,United States,31.591,-109.508,26,Richard E. Webster,https://creativecommons.org/licenses/by-nc-sa/4.0/,data/prototype/raw/Western Tanager/XC776919.mp3,5933.69603118642,160.71428571428572,0.7798312575331459,True,278.6394557823133,2.260394740439026
785901,Western Tanager,Piranga ludoviciana,Canada,60.0363,-128.9068,160,Patrice Mathieu,https://creativecommons.org/licenses/by-nc-sa/4.0/,data/prototype/raw/Western Tanager/XC785901.mp3,7438.615831271397,103.359375,0.4161234245980009,True,290.249433106581,2.2647898275379585
801711,Western Tanager,Piranga ludoviciana,Canada,56.3293,-120.9586,139,Peter Ward,https://creativecommons.org/licenses/by-nc-sa/4.0/,data/prototype/raw/Western Tanager/XC801711.mp3,6225.293952048783,132.51201923076923,0.144010655123616,True,325.0793650793682,1.6634593685513959
807072,Western Tanager,Piranga ludoviciana,United States,39.1855,-120.5591,33,Ed Pandolfino,https://creativecommons.org/licenses/by-nc-sa/4.0/,data/prototype/raw/Western Tanager/XC807072.mp3,9331.672422551008,108.17307692307692,0.8854667949951877,True,301.85941043083983,1.9855595667870034
13308,Summer Tanager,Piranga rubra,United States,35.2176,-85.922,59,Chris Parrish,https://creativecommons.org/licenses/by-nc-nd/2.5/,data/prototype/raw/Summer Tanager/XC13308.mp3,5969.418806590308,126.04801829268293,0.6524390243902439,True,255.41950113378675,2.0839432295184372
33601,Summer Tanager,Piranga rubra,United States,34.8095,-94.1459,26,Andrew Spencer,https://creativecommons.org/licenses/by-nc-nd/2.5/,data/prototype/raw/Summer Tanager/XC33601.mp3,5370.635443529923,133.92857142857142,0.4646424290850979,True,278.63945578231244,1.761089331504866
35381,Summer Tanager,Piranga rubra,United States,31.4173,-111.2387,50,Andrew Spencer,https://creativecommons.org/licenses/by-nc-nd/2.5/,data/prototype/raw/Summer Tanager/XC35381.mp3,4739.330075481404,90.7258064516129,0.5802805107808248,True,162.53968253968253,4.219656214730501
57407,Summer Tanager,Piranga rubra,United States,41.74,-70.077,18,Jeremiah Trimble,https://creativecommons.org/licenses/by-nc-nd/2.5/,data/prototype/raw/Summer Tanager/XC57407.mp3,5599.9309277468,123.046875,0.7291011942174733,True,232.19954648526198,2.4915315439242054
71004,Summer Tanager,Piranga rubra,United States,29.5826,-99.7309,24,Mary Beth Stowe,https://creativecommons.org/licenses/by-nc-nd/2.5/,data/prototype/raw/Summer Tanager/XC71004.mp3,4412.85146629889,178.20581896551724,0.0931558935361216,True,232.1995464852602,3.357286096256684
123407,Summer Tanager,Piranga rubra,United States,29.6374,-98.6288,38,Chris Harrison,https://creativecommons.org/licenses/by-nc-sa/3.0/,data/prototype/raw/Summer Tanager/XC123407.mp3,2915.076701856912,93.75,0.5827702702702703,True,162.5396825396841,2.982733151535031
133991,Summer Tanager,Piranga rubra,United States,37.139,-114.028,27,Tim Avery,https://creativecommons.org/licenses/by-nc-sa/3.0/,data/prototype/raw/Summer Tanager/XC133991.mp3,5462.899974668744,93.75,0.6084758942457231,True,208.97959183673473,2.952646561899692
262625,Summer Tanager,Piranga rubra,Ecuador,0.883,-78.8,30,Olaf Jahn,https://creativecommons.org/licenses/by-nc-sa/4.0/,data/prototype/raw/Summer Tanager/XC262625.mp3,5033.884351821246,117.45383522727272,0.0243719535058117,True,162.5396825396823,4.942642405063291
305063,Summer Tanager,Piranga rubra,United States,30.0801,-99.5027,42,Paul Marvin,https://creativecommons.org/licenses/by-nc-sa/4.0/,data/prototype/raw/Summer Tanager/XC305063.mp3,5630.554919239078,98.6842105263158,0.8563577317012241,True,371.51927437641774,1.7800258538186429
305072,Summer Tanager,Piranga rubra,United States,30.1669,-85.0195,177,Paul Marvin,https://creativecommons.org/licenses/by-nc-sa/4.0/,data/prototype/raw/Summer Tanager/XC305072.mp3,4822.853739219427,95.33898305084746,0.3801166075614594,True,232.19954648526198,2.4963933445866946
323192,Summer Tanager,Piranga rubra,United States,31.34,-109.273,153,Richard E. Webster,https://creativecommons.org/licenses/by-nc-sa/4.0/,data/prototype/raw/Summer Tanager/XC323192.mp3,3843.48211743718,151.99908088235293,0.7315892938152124,True,255.41950113378675,1.335089528751276
334613,Summer Tanager,Piranga rubra,United States,34.7435,-86.5089,133,Scott Gravette,https://creativecommons.org/licenses/by-nc-sa/4.0/,data/prototype/raw/Summer Tanager/XC334613.mp3,3578.4802092008545,101.33272058823528,0.0033924843423799,True,371.51927437641774,1.0265279408886279
367896,Summer Tanager,Piranga rubra,United States,34.051,-116.569,18,Steve Hampton,https://creativecommons.org/licenses/by-nc-sa/4.0/,data/prototype/raw/Summer Tanager/XC367896.mp3,3947.384250626711,72.78829225352112,0.4106699751861042,True,255.41950113378587,2.939237579585417
368753,Summer Tanager,Piranga rubra,United States,39.0663,-92.9438,112,Ethan Duke,https://creativecommons.org/licenses/by-nc-sa/4.0/,data/prototype/raw/Summer Tanager/XC368753.mp3,3253.5021529588607,112.5,0.0002846299810246,True,232.1995464852596,3.015584726798299
371069,Summer Tanager,Piranga rubra,United States,38.8817,-94.8917,93,Eric DeFonso,https://creativecommons.org/licenses/by-nc-sa/4.0/,data/prototype/raw/Summer Tanager/XC371069.mp3,1493.131507073412,152.02702702702703,0.0001136363636363,True,568.8888888888874,1.2038689627782164
380721,Summer Tanager,Piranga rubra,United States,31.5403,-110.3754,23,Vicki Dern,https://creativecommons.org/licenses/by-nc-sa/4.0/,data/prototype/raw/Summer Tanager/XC380721.mp3,5727.8413636111945,109.9567819148936,0.0024248302618816,True,441.17913832199565,1.671670305676856
411459,Summer Tanager,Piranga rubra,United States,29.9681,-85.0022,76,Scott Gravette,https://creativecommons.org/licenses/by-nc-sa/4.0/,data/prototype/raw/Summer Tanager/XC411459.mp3,3542.2626738326144,103.359375,0.5174718930416287,True,301.8594104308376,1.531269995215987
459599,Summer Tanager,Piranga rubra,Colombia,4.7175,-75.6242,31,David Monroy Rengifo,https://creativecommons.org/licenses/by-nc-sa/4.0/,data/prototype/raw/Summer Tanager/XC459599.mp3,5576.879159824061,129.19921875,0.0104205433569036,True,301.85941043083983,1.3786379815745393
466198,Summer Tanager,Piranga rubra,United States,30.036,-83.0443,35,John Middleton,https://creativecommons.org/licenses/by-nc-sa/4.0/,data/prototype/raw/Summer Tanager/XC466198.mp3,3640.582201495477,95.703125,0.2545982575024201,True,208.97959183673544,3.66959291044635
471145,Summer Tanager,Piranga rubra,United States,35.987,-87.145,20,Brian Hendrix,https://creativecommons.org/licenses/by-nc-sa/4.0/,data/prototype/raw/Summer Tanager/XC471145.mp3,5357.130329493226,172.265625,0.0,True,139.31972789115653,4.840647999782733
493953,Summer Tanager,Piranga rubra,United States,31.432,-111.1888,52,Paul Marvin,https://creativecommons.org/licenses/by-nc-sa/4.0/,data/prototype/raw/Summer Tanager/XC493953.mp3,5394.54885881453,127.8409090909091,0.6997178557033454,True,185.75963718820887,3.136810279667422
494697,Summer Tanager,Piranga rubra,United States,31.613,-111.0394,111,Paul Marvin,https://creativecommons.org/licenses/by-nc-sa/4.0/,data/prototype/raw/Summer Tanager/XC494697.mp3,4644.809222829057,93.75,0.573446056297435,True,208.9795918367372,3.4767246168425867
499398,Summer Tanager,Piranga rubra,United States,33.9346,-112.6977,111,Phoenix Birder,https://creativecommons.org/licenses/by-nc-sa/4.0/,data/prototype/raw/Summer Tanager/XC499398.mp3,4666.497496797984,123.046875,0.6051314142678348,True,255.41950113378675,3.099284666072932
558096,Summer Tanager,Piranga rubra,United States,37.0648,-118.2669,91,Ron Overholtz,https://creativecommons.org/licenses/by-nc-sa/4.0/,data/prototype/raw/Summer Tanager/XC558096.mp3,4260.545175414018,117.45383522727272,0.8622921690569869,True,255.41950113378675,2.3504082816474052
562799,Summer Tanager,Piranga rubra,United States,31.9237,-81.0559,37,Russ Wigh,https://creativecommons.org/licenses/by-nc-sa/4.0/,data/prototype/raw/Summer Tanager/XC562799.mp3,6670.090435771567,104.16666666666669,0.5909607731665719,True,208.9795918367372,3.730932902428913
565241,Summer Tanager,Piranga rubra,United States,33.4115,-114.6877,27,Bobby Wilcox,https://creativecommons.org/licenses/by-nc-sa/4.0/,data/prototype/raw/Summer Tanager/XC565241.mp3,7231.828236466206,114.79591836734694,0.5514988470407379,True,301.859410430839,2.6672398799521377
571978,Summer Tanager,Piranga rubra,United States,31.9044,-109.1576,30,Russ Wigh,https://creativecommons.org/licenses/by-nc-sa/4.0/,data/prototype/raw/Summer Tanager/XC571978.mp3,3181.089775044067,132.51201923076923,0.2397075798383993,True,162.5396825396841,4.739255643098271
643125,Summer Tanager,Piranga rubra,United States,30.036,-83.0443,38,John A. Middleton Jr.,https://creativecommons.org/licenses/by-nc-sa/4.0/,data/prototype/raw/Summer Tanager/XC643125.mp3,8178.218893576778,69.44444444444444,0.6958228202971685,True,185.75963718820842,2.73359272186302
650747,Summer Tanager,Piranga rubra,United States,29.839,-82.9684,59,John A. Middleton Jr.,https://creativecommons.org/licenses/by-nc-sa/4.0/,data/prototype/raw/Summer Tanager/XC650747.mp3,4353.913456305525,100.44642857142856,0.6804755043227666,True,185.75963718821242,2.8030576861812926
655178,Summer Tanager,Piranga rubra,United States,35.3709,-78.3059,33,Paul Driver,https://creativecommons.org/licenses/by-nc-sa/4.0/,data/prototype/raw/Summer Tanager/XC655178.mp3,4289.786913437209,107.666015625,0.1071800208116545,True,743.0385487528355,1.1953551912568305
664110,Summer Tanager,Piranga rubra,United States,31.6725,-110.9403,163,Scott Olmstead,https://creativecommons.org/licenses/by-nc-sa/4.0/,data/prototype/raw/Summer Tanager/XC664110.mp3,2608.8862761985124,109.9567819148936,0.0071906592624234,True,208.9795918367372,3.526091617893064
678675,Summer Tanager,Piranga rubra,United States,31.34,-109.273,162,Richard E. Webster,https://creativecommons.org/licenses/by-nc-sa/4.0/,data/prototype/raw/Summer Tanager/XC678675.mp3,5790.396459546867,106.13207547169812,0.7401896233868844,True,232.19954648526198,2.8395061728395063
702564,Summer Tanager,Piranga rubra,Mexico,19.1637,-99.1696,83,Isain Contreras Rodríguez,https://creativecommons.org/licenses/by-nc-sa/4.0/,data/prototype/raw/Summer Tanager/XC702564.mp3,5640.52033792521,96.98275862068964,0.8910500889905925,True,487.61904761904873,1.3111349439220206
718200,Summer Tanager,Piranga rubra,United States,34.3603,-112.979,37,Bobby Wilcox,https://creativecommons.org/licenses/by-nc-sa/4.0/,data/prototype/raw/Summer Tanager/XC718200.mp3,8056.759754870531,110.29411764705884,0.7930837382109174,True,162.5396825396823,2.1168274383708465
725484,Summer Tanager,Piranga rubra,United States,34.2101,-113.6902,39,Bobby Wilcox,https://creativecommons.org/licenses/by-nc-sa/4.0/,data/prototype/raw/Summer Tanager/XC725484.mp3,6544.862870306852,130.8139534883721,0.6618763557483731,True,232.19954648526198,1.8812279575124025
827075,Summer Tanager,Piranga rubra,United States,37.529,-94.5709,90,Richard E. Webster,https://creativecommons.org/licenses/by-nc-sa/4.0/,data/prototype/raw/Summer Tanager/XC827075.mp3,4338.436638988625,165.44117647058823,0.8836273233100509,True,255.41950113378675,2.0755636340572945
901298,Summer Tanager,Piranga rubra,United States,32.264,-110.8738,63,Scott Crabtree,https://creativecommons.org/licenses/by-nc-sa/4.0/,data/prototype/raw/Summer Tanager/XC901298.mp3,7171.007240028034,110.29411764705884,0.710321489001692,True,185.75963718820887,3.0620504761822533
917406,Summer Tanager,Piranga rubra,United States,32.2613,-110.8751,39,Scott Crabtree,https://creativecommons.org/licenses/by-nc-sa/4.0/,data/prototype/raw/Summer Tanager/XC917406.mp3,1807.4695177538083,0.0,0.1390787518573551,False,,
943701,Summer Tanager,Piranga rubra,Mexico,17.0932,-96.6545,108,Manuel Grosselet,https://creativecommons.org/licenses/by-nc-sa/4.0/,data/prototype/raw/Summer Tanager/XC943701.mp3,6439.421832342887,123.046875,0.9429735234215886,False,,
943702,Summer Tanager,Piranga rubra,Mexico,17.0932,-96.6545,94,Manuel Grosselet,https://creativecommons.org/licenses/by-nc-sa/4.0/,data/prototype/raw/Summer Tanager/XC943702.mp3,5148.201950037724,103.359375,0.7283329241345445,True,406.34920634920945,1.406368015575958
1008566,Summer Tanager,Piranga rubra,United States,32.2631,-110.8813,45,Scott Crabtree,https://creativecommons.org/licenses/by-nc-sa/4.0/,data/prototype/raw/Summer Tanager/XC1008566.mp3,9219.289193188555,89.28571428571429,0.0477984459618554,True,232.19954648526198,3.068540192024669
1076461,Summer Tanager,Piranga rubra,Ecuador,-1.395,-78.423,68,Christiana Fattorelli,https://creativecommons.org/licenses/by-nc-sa/4.0/,data/prototype/raw/Summer Tanager/XC1076461.mp3,3165.172192892609,105.46875,0.8872905737011338,True,1044.897959183676,0.772594752186589
1076608,Summer Tanager,Piranga rubra,Ecuador,-3.987,-79.1996,26,Leonardo Ordóñez-Delgado,https://creativecommons.org/licenses/by-nc-nd/4.0/,data/prototype/raw/Summer Tanager/XC1076608.mp3,3301.570400128613,117.45383522727272,0.0035460992907801,True,162.5396825396841,2.4436194381337617
1106117,Summer Tanager,Piranga rubra,United States,31.4338,-110.1867,22,Manuel Grosselet,https://creativecommons.org/licenses/by-nc-sa/4.0/,data/prototype/raw/Summer Tanager/XC1106117.mp3,4683.78369010346,109.9567819148936,0.5010121457489879,True,185.75963718820887,4.18551678319466
1107418,Summer Tanager,Piranga rubra,United States,37.8929,-84.3923,104,Mario Reyes Jr,https://creativecommons.org/licenses/by-nc-sa/4.0/,data/prototype/raw/Summer Tanager/XC1107418.mp3,3225.9228703431904,85.22727272727273,0.8565473769825133,True,255.41950113378675,1.8778418252699491
2813,Blue-gray Tanager,Thraupis episcopus,Panama,9.11023,-79.6845,13,David Bradley,https://creativecommons.org/licenses/by-nc-nd/2.5/,data/prototype/raw/Blue-gray Tanager/XC2813.mp3,6735.46625433695,178.20581896551724,0.1665264928511354,True,162.5396825396823,4.78515625
18236,Blue-gray Tanager,Thraupis episcopus,Colombia,,,25,Herman van Oosten,https://creativecommons.org/licenses/by-nc-nd/2.5/,data/prototype/raw/Blue-gray Tanager/XC18236.mp3,3202.488350364285,107.666015625,0.0004604051565377,True,255.4195011337903,2.6181994818652847
28553,Blue-gray Tanager,Thraupis episcopus,Belize,16.7812,-88.4587,37,Daniel Lane,https://creativecommons.org/licenses/by-nc-sa/3.0/,data/prototype/raw/Blue-gray Tanager/XC28553.mp3,5205.174206540974,120.18531976744184,0.0055012224938875,True,162.5396825396841,1.2900833906464924
47508,Blue-gray Tanager,Thraupis episcopus,Peru,-9.3167,-76.0101,46,Niels Krabbe,https://creativecommons.org/licenses/by-nc-sa/3.0/,data/prototype/raw/Blue-gray Tanager/XC47508.mp3,7332.051745986496,109.9567819148936,0.000746454341876,True,348.29931972789205,0.7930606103023516
57493,Blue-gray Tanager,Thraupis episcopus,Colombia,,,12,Bernabe Lopez-Lanus,https://creativecommons.org/licenses/by-nc-sa/3.0/,data/prototype/raw/Blue-gray Tanager/XC57493.mp3,2960.5376092972824,92.28515625,0.000893655049151,True,2577.414965986395,0.4621478873239437
88386,Blue-gray Tanager,Thraupis episcopus,French Guiana,3.950143,-51.794735,39,Alexandre Renaudier,https://creativecommons.org/licenses/by-nc-nd/2.5/,data/prototype/raw/Blue-gray Tanager/XC88386.mp3,6154.282103951987,90.66611842105264,0.5995923121723937,True,313.46938775510046,1.680762614678899
98079,Blue-gray Tanager,Thraupis episcopus,Ecuador,-0.6873,-77.5992,18,Tayler Brooks,https://creativecommons.org/licenses/by-nc-nd/2.5/,data/prototype/raw/Blue-gray Tanager/XC98079.mp3,6978.951745409337,161.4990234375,0.5009463722397476,True,232.1995464852602,3.5888671875
100073,Blue-gray Tanager,Thraupis episcopus,Ecuador,-4.4373,-79.8081,11,Leonardo Ordóñez-Delgado,https://creativecommons.org/licenses/by-nc-nd/2.5/,data/prototype/raw/Blue-gray Tanager/XC100073.mp3,4081.622588903184,139.6748310810811,0.0049701789264413,True,325.07936507936506,1.1989653243847875
100092,Blue-gray Tanager,Thraupis episcopus,Ecuador,-4.4373,-79.8081,49,Leonardo Ordóñez-Delgado,https://creativecommons.org/licenses/by-nc-nd/2.5/,data/prototype/raw/Blue-gray Tanager/XC100092.mp3,4157.598569602157,123.046875,0.0009449562957713,True,255.41950113378675,1.6891779638490165
110667,Blue-gray Tanager,Thraupis episcopus,Ecuador,-3.3462,-80.257,34,Leonardo Ordóñez-Delgado,https://creativecommons.org/licenses/by-nc-nd/2.5/,data/prototype/raw/Blue-gray Tanager/XC110667.mp3,2918.4257830875185,126.04801829268293,0.000672268907563,True,534.0589569161001,0.8397551059001512
120827,Blue-gray Tanager,Thraupis episcopus,Ecuador,0.472,-79.2139,18,Lars Lachmann,https://creativecommons.org/licenses/by-nc-sa/3.0/,data/prototype/raw/Blue-gray Tanager/XC120827.mp3,5156.538000888086,139.6748310810811,0.0,True,139.31972789115576,5.90419993057966
128392,Blue-gray Tanager,Thraupis episcopus,Ecuador,-4.0025,-79.2,100,Leonardo Ordóñez-Delgado,https://creativecommons.org/licenses/by-nc-sa/3.0/,data/prototype/raw/Blue-gray Tanager/XC128392.mp3,2905.7253600242984,129.19921875,0.0001157541382104,True,325.0793650793611,2.0538747029267816
129721,Blue-gray Tanager,Thraupis episcopus,Colombia,4.5538,-75.6604,42,Oscar Humberto Marin-Gomez,https://creativecommons.org/licenses/by-nc-sa/3.0/,data/prototype/raw/Blue-gray Tanager/XC129721.mp3,3936.9644158518654,112.34714673913044,0.0,True,185.75963718820864,4.704511952277096
144291,Blue-gray Tanager,Thraupis episcopus,Ecuador,-4.2235,-79.2711,28,Leonardo Ordóñez-Delgado,https://creativecommons.org/licenses/by-nc-sa/3.0/,data/prototype/raw/Blue-gray Tanager/XC144291.mp3,4199.981077215967,90.66611842105264,0.2829489291598023,True,336.68934240362705,2.448013206672845
167894,Blue-gray Tanager,Thraupis episcopus,Ecuador,-3.0936,-78.3951,37,Leonardo Ordóñez-Delgado,https://creativecommons.org/licenses/by-nc-sa/3.0/,data/prototype/raw/Blue-gray Tanager/XC167894.mp3,5707.81047352337,99.38401442307692,0.1286821705426356,True,139.31972789115576,5.63666695743196
167938,Blue-gray Tanager,Thraupis episcopus,Ecuador,-3.0936,-78.3951,73,Leonardo Ordóñez-Delgado,https://creativecommons.org/licenses/by-nc-sa/3.0/,data/prototype/raw/Blue-gray Tanager/XC167938.mp3,7866.218158400317,156.60511363636363,0.0287575468700349,True,162.5396825396841,4.69448292813729
197566,Blue-gray Tanager,Thraupis episcopus,Venezuela,8.299,-70.0851,20,Joe Klaiber,https://creativecommons.org/licenses/by-nc-sa/4.0/,data/prototype/raw/Blue-gray Tanager/XC197566.mp3,4444.175089229302,71.77734375,0.0,True,162.5396825396841,5.442149383085468
204380,Blue-gray Tanager,Thraupis episcopus,Ecuador,-4.0025,-79.2,63,Leonardo Ordóñez-Delgado,https://creativecommons.org/licenses/by-nc-sa/4.0/,data/prototype/raw/Blue-gray Tanager/XC204380.mp3,3891.317184629975,101.33272058823528,0.0298181818181818,True,208.9795918367372,3.6808894230769234
206828,Blue-gray Tanager,Thraupis episcopus,Ecuador,-4.2577,-79.2181,29,Jerome Fischer,https://creativecommons.org/licenses/by-nc-sa/4.0/,data/prototype/raw/Blue-gray Tanager/XC206828.mp3,6088.784309553377,117.45383522727272,0.4510035419126328,True,139.31972789115932,4.340277510799178
209776,Blue-gray Tanager,Thraupis episcopus,Ecuador,-4.9004,-79.1111,66,Jerome Fischer,https://creativecommons.org/licenses/by-nc-sa/4.0/,data/prototype/raw/Blue-gray Tanager/XC209776.mp3,5610.799828627921,114.84375,0.4121938509640437,True,139.31972789115576,4.144911229673625
213745,Blue-gray Tanager,Thraupis episcopus,Ecuador,-4.2824,-79.2253,28,Meena Haribal,https://creativecommons.org/licenses/by-nc-sa/4.0/,data/prototype/raw/Blue-gray Tanager/XC213745.mp3,4872.96602154052,93.9630681818182,0.6418032786885246,True,348.2993197278912,1.977629151291513
217227,Blue-gray Tanager,Thraupis episcopus,Ecuador,-3.9935,-79.2027,155,Leonardo Ordóñez-Delgado,https://creativecommons.org/licenses/by-nc-sa/4.0/,data/prototype/raw/Blue-gray Tanager/XC217227.mp3,2833.6880434347163,139.6748310810811,0.1324394785847299,True,650.1587301587292,0.8725741461064128
230895,Blue-gray Tanager,Thraupis episcopus,Peru,-5.6708,-77.6953,54,Peter Boesman,https://creativecommons.org/licenses/by-nc-nd/4.0/,data/prototype/raw/Blue-gray Tanager/XC230895.mp3,5406.268425215264,133.92857142857142,0.2705014749262537,True,139.31972789115576,5.071305630686009
236211,Blue-gray Tanager,Thraupis episcopus,Colombia,11.1009,-74.072,28,Niels Krabbe,https://creativecommons.org/licenses/by-nc-sa/4.0/,data/prototype/raw/Blue-gray Tanager/XC236211.mp3,5265.044245097852,166.70866935483872,0.0012376237623762,True,301.85941043083943,1.954938486536676
236212,Blue-gray Tanager,Thraupis episcopus,Colombia,11.1009,-74.072,40,Niels Krabbe,https://creativecommons.org/licenses/by-nc-sa/4.0/,data/prototype/raw/Blue-gray Tanager/XC236212.mp3,3870.679796702464,117.45383522727272,0.0005767012687427,True,208.97959183673632,1.2172493510707334
243187,Blue-gray Tanager,Thraupis episcopus,Ecuador,-4.936,-79.105,45,Niels Krabbe,https://creativecommons.org/licenses/by-sa/4.0/,data/prototype/raw/Blue-gray Tanager/XC243187.mp3,5156.972720018367,132.51201923076923,0.0002533569799847,True,301.8594104308434,1.5277579817559863
245125,Blue-gray Tanager,Thraupis episcopus,Colombia,6.18,-73.42,78,Oscar Humberto Marín Gómez,https://creativecommons.org/licenses/by-nc-sa/3.0/,data/prototype/raw/Blue-gray Tanager/XC245125.mp3,5710.24696737111,117.1875,0.0638903960933261,True,162.53968253968765,4.387730677056447
259679,Blue-gray Tanager,Thraupis episcopus,Ecuador,-0.523,-76.438,25,John V. Moore,https://creativecommons.org/licenses/by-nc-sa/4.0/,data/prototype/raw/Blue-gray Tanager/XC259679.mp3,6373.834060879583,215.33203125,0.0513055428309665,True,139.31972789115665,5.919780927835052
259680,Blue-gray Tanager,Thraupis episcopus,Ecuador,-2.54,-76.859,40,John V. Moore,https://creativecommons.org/licenses/by-nc-sa/4.0/,data/prototype/raw/Blue-gray Tanager/XC259680.mp3,6911.22663115268,109.9567819148936,0.0331820760068065,True,162.53968253968253,3.2247128270580725
259682,Blue-gray Tanager,Thraupis episcopus,Ecuador,-0.472,-76.459,54,John V. Moore,https://creativecommons.org/licenses/by-nc-sa/4.0/,data/prototype/raw/Blue-gray Tanager/XC259682.mp3,6286.539066344986,156.60511363636363,0.1090596822670674,True,208.9795918367372,2.6075634057971016
259683,Blue-gray Tanager,Thraupis episcopus,Ecuador,-4.25,-79.217,21,John V. Moore,https://creativecommons.org/licenses/by-nc-sa/4.0/,data/prototype/raw/Blue-gray Tanager/XC259683.mp3,3534.4373673751925,120.18531976744184,0.0552546045503792,True,267.02947845804914,1.3538490853658536
259684,Blue-gray Tanager,Thraupis episcopus,Ecuador,-1.7,-80.767,35,John V. Moore,https://creativecommons.org/licenses/by-nc-sa/4.0/,data/prototype/raw/Blue-gray Tanager/XC259684.mp3,4688.86106904023,101.33272058823528,0.0391705069124423,True,185.75963718820887,3.2326388888888893
259685,Blue-gray Tanager,Thraupis episcopus,Ecuador,-1.673,-80.786,21,John V. Moore,https://creativecommons.org/licenses/by-nc-sa/4.0/,data/prototype/raw/Blue-gray Tanager/XC259685.mp3,6405.986075881298,107.666015625,0.1113513513513513,True,232.1995464852602,2.887393552311435
261221,Blue-gray Tanager,Thraupis episcopus,Ecuador,-0.589,-77.877,19,Mitch Lysinger,https://creativecommons.org/licenses/by-nc-sa/4.0/,data/prototype/raw/Blue-gray Tanager/XC261221.mp3,6655.825396574219,143.5546875,0.3852708460133901,True,162.53968253968276,4.142765410958904
274169,Blue-gray Tanager,Thraupis episcopus,Costa Rica,10.43,-84.0,28,Peter Boesman,https://creativecommons.org/licenses/by-nc-nd/4.0/,data/prototype/raw/Blue-gray Tanager/XC274169.mp3,5553.970912973815,83.35433467741936,0.4406364749082007,True,116.09977324263099,5.55412075298439
274266,Blue-gray Tanager,Thraupis episcopus,Costa Rica,8.6759,-83.2051,28,Peter Boesman,https://creativecommons.org/licenses/by-nc-nd/4.0/,data/prototype/raw/Blue-gray Tanager/XC274266.mp3,6130.209532151042,120.18531976744184,0.4899383983572895,True,139.31972789115633,5.413152726432532
274501,Blue-gray Tanager,Thraupis episcopus,Costa Rica,9.7751,-84.6167,18,Peter Boesman,https://creativecommons.org/licenses/by-nc-nd/4.0/,data/prototype/raw/Blue-gray Tanager/XC274501.mp3,6014.050139326459,89.10290948275862,0.4510532837670384,True,139.31972789115665,5.6594316596931655
275640,Blue-gray Tanager,Thraupis episcopus,Ecuador,0.883,-78.8,16,Patricio Mena Valenzuela,https://creativecommons.org/licenses/by-nc-sa/4.0/,data/prototype/raw/Blue-gray Tanager/XC275640.mp3,5899.2306978577935,107.666015625,0.0327298050139275,True,185.75963718820873,4.0201312695924765
302355,Blue-gray Tanager,Thraupis episcopus,Ecuador,-4.0364,-79.1931,20,Leonardo Ordóñez-Delgado,https://creativecommons.org/licenses/by-nc-sa/4.0/,data/prototype/raw/Blue-gray Tanager/XC302355.mp3,2940.9906476037872,109.9567819148936,0.0377252252252252,True,185.75963718820887,2.2318599493029154
341349,Blue-gray Tanager,Thraupis episcopus,Ecuador,-4.5763,-79.1345,54,Leonardo Ordóñez-Delgado,https://creativecommons.org/licenses/by-nc-sa/4.0/,data/prototype/raw/Blue-gray Tanager/XC341349.mp3,5833.564887367506,172.265625,0.0336793052319423,True,208.9795918367372,2.9376936367969493
344202,Blue-gray Tanager,Thraupis episcopus,Ecuador,-4.5763,-79.1345,41,Leonardo Ordóñez-Delgado,https://creativecommons.org/licenses/by-nc-sa/4.0/,data/prototype/raw/Blue-gray Tanager/XC344202.mp3,5778.612170362491,143.5546875,0.0500990659496178,True,162.53968253968054,5.583698248407643
371158,Blue-gray Tanager,Thraupis episcopus,Panama,8.6001,-80.1251,46,Kent Livezey,https://creativecommons.org/licenses/by-nc-sa/4.0/,data/prototype/raw/Blue-gray Tanager/XC371158.mp3,5648.857582943298,135.99917763157896,0.0,True,139.31972789115576,5.926498227548211
376372,Blue-gray Tanager,Thraupis episcopus,Costa Rica,10.471,-84.646,11,Albert Lastukhin,https://creativecommons.org/licenses/by-nc-sa/4.0/,data/prototype/raw/Blue-gray Tanager/XC376372.mp3,3459.35507092934,101.33272058823528,0.0020429009193054,True,580.4988662131517,0.7920258620689655
378046,Blue-gray Tanager,Thraupis episcopus,Mexico,18.2135,-94.8365,23,Manuel Grosselet,https://creativecommons.org/licenses/by-nc-sa/4.0/,data/prototype/raw/Blue-gray Tanager/XC378046.mp3,3963.999790821224,147.65625,0.0,True,139.31972789115576,5.43330640031632
421098,Blue-gray Tanager,Thraupis episcopus,Colombia,4.4216,-75.2387,25,Yair Guillermo Molina Martínez.,https://creativecommons.org/licenses/by-nc-sa/4.0/,data/prototype/raw/Blue-gray Tanager/XC421098.mp3,5788.306745976755,144.23076923076923,0.1851063829787234,True,162.53968253968242,3.8713268233526703
424378,Blue-gray Tanager,Thraupis episcopus,Colombia,4.4804,-75.1069,86,Yair Guillermo Molina Martínez.,https://creativecommons.org/licenses/by-nc-sa/4.0/,data/prototype/raw/Blue-gray Tanager/XC424378.mp3,4834.539913496279,127.8409090909091,0.0409957889521922,True,162.53968253968765,4.610274019496832
432832,Blue-gray Tanager,Thraupis episcopus,Colombia,6.3932,-75.4916,30,Andrea Lopera-Salazar,https://creativecommons.org/licenses/by-nc-sa/4.0/,data/prototype/raw/Blue-gray Tanager/XC432832.mp3,3948.76746081545,127.8409090909091,0.0,True,139.31972789115665,3.5441901205949233
437154,Blue-gray Tanager,Thraupis episcopus,Panama,9.0163,-81.715,43,Kent Livezey,https://creativecommons.org/licenses/by-nc-sa/4.0/,data/prototype/raw/Blue-gray Tanager/XC437154.mp3,3074.715820765949,117.45383522727272,0.0,True,185.75963718820887,3.347302894138438
439061,Blue-gray Tanager,Thraupis episcopus,Brazil,-4.2889,-70.2948,19,Jerome Fischer,https://creativecommons.org/licenses/by-nc-sa/4.0/,data/prototype/raw/Blue-gray Tanager/XC439061.mp3,7230.0972173444625,139.6748310810811,0.1848225214198286,True,139.31972789115665,4.694137739676222
449317,Blue-gray Tanager,Thraupis episcopus,Colombia,0.7398,-77.1051,35,Jerome Fischer,https://creativecommons.org/licenses/by-nc-sa/4.0/,data/prototype/raw/Blue-gray Tanager/XC449317.mp3,6180.340153344786,112.34714673913044,0.0346727154893065,True,185.75963718820887,3.405353675240075
